Date/Time,Environment:Site Outdoor Air Drybulb Temperature [C](Monthly),Environment:Site Outdoor Air Relative Humidity [%](Monthly),Environment:Site Diffuse Solar Radiation Rate per Area [W/m2](Monthly),ZONE1:Zone Mean Radiant Temperature [C](Monthly),ZONE1:Zone Windows Total Transmitted Solar Radiation Rate [W](Monthly),ZONE1:Zone Windows Total Transmitted Solar Radiation Energy [J](Monthly),ZONE1_WALL_2:Surface Outside Face Incident Solar Radiation Rate per Area [W/m2](Monthly),ZONE1_WALL_3:Surface Outside Face Incident Solar Radiation Rate per Area [W/m2](Monthly),ZONE1_ROOF:Surface Outside Face Incident Solar Radiation Rate per Area [W/m2](Monthly),ZONE1_WALL_2 WINDOW:Surface Outside Face Incident Solar Radiation Rate per Area [W/m2](Monthly),ZONE1_WALL_2 WINDOW:Surface Window Transmitted Solar Radiation Rate [W](Monthly),ZONE1_WALL_2 WINDOW:Surface Window Transmitted Beam Solar Radiation Rate [W](Monthly),ZONE1_WALL_2 WINDOW:Surface Window Transmitted Diffuse Solar Radiation Rate [W](Monthly),ZONE1_WALL_2 WINDOW:Surface Window Heat Gain Rate [W](Monthly),ZONE1_WALL_2 WINDOW:Surface Window Heat Loss Rate [W](Monthly),ZONE1_WALL_2 WINDOW:Surface Window Shading Device Absorbed Solar Radiation Rate [W](Monthly),ZONE1_WALL_2 WINDOW:Surface Window Heat Gain Energy [J](Monthly),ZONE1_WALL_2 WINDOW:Surface Window Heat Loss Energy [J](Monthly),ZONE1_WALL_3 WINDOW:Surface Outside Face Incident Solar Radiation Rate per Area [W/m2](Monthly),ZONE1_WALL_3 WINDOW:Surface Window Transmitted Solar Radiation Rate [W](Monthly),ZONE1_WALL_3 WINDOW:Surface Window Transmitted Beam Solar Radiation Rate [W](Monthly),ZONE1_WALL_3 WINDOW:Surface Window Transmitted Diffuse Solar Radiation Rate [W](Monthly),ZONE1_WALL_3 WINDOW:Surface Window Heat Gain Rate [W](Monthly),ZONE1_WALL_3 WINDOW:Surface Window Heat Loss Rate [W](Monthly),ZONE1_WALL_3 WINDOW:Surface Window Shading Device Absorbed Solar Radiation Rate [W](Monthly),ZONE1_WALL_3 WINDOW:Surface Window Heat Gain Energy [J](Monthly),ZONE1_WALL_3 WINDOW:Surface Window Heat Loss Energy [J](Monthly),ZONE1_WALL_0:Surface Inside Face Temperature [C](Monthly),ZONE1_WALL_0:Surface Outside Face Temperature [C](Monthly),ZONE1_WALL_0:Surface Inside Face Conduction Heat Transfer Rate [W](Monthly),ZONE1_WALL_1:Surface Inside Face Temperature [C](Monthly),ZONE1_WALL_1:Surface Outside Face Temperature [C](Monthly),ZONE1_WALL_1:Surface Inside Face Conduction Heat Transfer Rate [W](Monthly),ZONE1_WALL_2:Surface Inside Face Temperature [C](Monthly),ZONE1_WALL_2:Surface Outside Face Temperature [C](Monthly),ZONE1_WALL_2:Surface Inside Face Conduction Heat Transfer Rate [W](Monthly),ZONE1_WALL_3:Surface Inside Face Temperature [C](Monthly),ZONE1_WALL_3:Surface Outside Face Temperature [C](Monthly),ZONE1_WALL_3:Surface Inside Face Conduction Heat Transfer Rate [W](Monthly),ZONE1_FLOOR:Surface Inside Face Temperature [C](Monthly),ZONE1_FLOOR:Surface Outside Face Temperature [C](Monthly),ZONE1_FLOOR:Surface Inside Face Conduction Heat Transfer Rate [W](Monthly),ZONE1_ROOF:Surface Inside Face Temperature [C](Monthly),ZONE1_ROOF:Surface Outside Face Temperature [C](Monthly),ZONE1_ROOF:Surface Inside Face Conduction Heat Transfer Rate [W](Monthly),ZONE1_WALL_2 WINDOW:Surface Inside Face Temperature [C](Monthly),ZONE1_WALL_2 WINDOW:Surface Outside Face Temperature [C](Monthly),ZONE1_WALL_2 WINDOW:Surface Shading Device Is On Time Fraction [](Monthly),ZONE1_WALL_2 WINDOW:Surface Window Blind Slat Angle [deg](Monthly),ZONE1_WALL_3 WINDOW:Surface Inside Face Temperature [C](Monthly),ZONE1_WALL_3 WINDOW:Surface Outside Face Temperature [C](Monthly),ZONE1_WALL_3 WINDOW:Surface Shading Device Is On Time Fraction [](Monthly),ZONE1_WALL_3 WINDOW:Surface Window Blind Slat Angle [deg](Monthly),ZONE1:Zone Mean Air Temperature [C](Monthly),ZONE1:Zone Air Heat Balance Internal Convective Heat Gain Rate [W](Monthly),ZONE1:Zone Air Heat Balance Surface Convection Rate [W](Monthly),ZONE1:Zone Air Heat Balance Interzone Air Transfer Rate [W](Monthly),ZONE1:Zone Air Heat Balance Outdoor Air Transfer Rate [W](Monthly),ZONE1:Zone Air Heat Balance System Air Transfer Rate [W](Monthly),ZONE1:Zone Air Heat Balance Air Energy Storage Rate [W](Monthly),ZONE1:Zone Infiltration Sensible Heat Loss Energy [J](Monthly),ZONE1:Zone Infiltration Sensible Heat Gain Energy [J](Monthly),ZONE1:Zone Infiltration Latent Heat Loss Energy [J](Monthly),ZONE1:Zone Infiltration Latent Heat Gain Energy [J](Monthly),ZONE1:Zone Infiltration Standard Density Volume Flow Rate [m3/s](Monthly),ZONE1:Zone Ventilation Sensible Heat Loss Energy [J](Monthly),ZONE1:Zone Ventilation Sensible Heat Gain Energy [J](Monthly),ZONE1:Zone Ventilation Latent Heat Loss Energy [J](Monthly),ZONE1:Zone Ventilation Latent Heat Gain Energy [J](Monthly),ZONE1:Zone Ventilation Standard Density Volume Flow Rate [m3/s](Monthly),ZONE1:Zone Air System Sensible Heating Energy [J](Monthly),ZONE1:Zone Air System Sensible Cooling Energy [J](Monthly),ZONE1:Zone Air System Sensible Heating Rate [W](Monthly),ZONE1:Zone Air System Sensible Cooling Rate [W](Monthly),MYDHW_2_WATERHEATER:Water Heater Heating Energy [J](Monthly),ZONE1:Zone Mechanical Ventilation Mass Flow Rate [kg/s](Monthly),Heating:EnergyTransfer [J](Monthly),Cooling:EnergyTransfer [J](Monthly),Electricity:Facility [J](Daily) 
 01/01,,,,,,,,,,,,,,,,,,,,,,,,,,,,,,,,,,,,,,,,,,,,,,,,,,,,,,,,,,,,,,,,,,,,,,,,,,,,,,,9105304.794636209 
 01/02,,,,,,,,,,,,,,,,,,,,,,,,,,,,,,,,,,,,,,,,,,,,,,,,,,,,,,,,,,,,,,,,,,,,,,,,,,,,,,,9105304.794636209 
 01/03,,,,,,,,,,,,,,,,,,,,,,,,,,,,,,,,,,,,,,,,,,,,,,,,,,,,,,,,,,,,,,,,,,,,,,,,,,,,,,,9105304.794636209 
 01/04,,,,,,,,,,,,,,,,,,,,,,,,,,,,,,,,,,,,,,,,,,,,,,,,,,,,,,,,,,,,,,,,,,,,,,,,,,,,,,,9105304.794636209 
 01/05,,,,,,,,,,,,,,,,,,,,,,,,,,,,,,,,,,,,,,,,,,,,,,,,,,,,,,,,,,,,,,,,,,,,,,,,,,,,,,,1414833.2945320872 
 01/06,,,,,,,,,,,,,,,,,,,,,,,,,,,,,,,,,,,,,,,,,,,,,,,,,,,,,,,,,,,,,,,,,,,,,,,,,,,,,,,1414833.2945320872 
 01/07,,,,,,,,,,,,,,,,,,,,,,,,,,,,,,,,,,,,,,,,,,,,,,,,,,,,,,,,,,,,,,,,,,,,,,,,,,,,,,,9105304.794636209 
 01/08,,,,,,,,,,,,,,,,,,,,,,,,,,,,,,,,,,,,,,,,,,,,,,,,,,,,,,,,,,,,,,,,,,,,,,,,,,,,,,,9105304.794636209 
 01/09,,,,,,,,,,,,,,,,,,,,,,,,,,,,,,,,,,,,,,,,,,,,,,,,,,,,,,,,,,,,,,,,,,,,,,,,,,,,,,,9105304.794636209 
 01/10,,,,,,,,,,,,,,,,,,,,,,,,,,,,,,,,,,,,,,,,,,,,,,,,,,,,,,,,,,,,,,,,,,,,,,,,,,,,,,,9105304.794636209 
 01/11,,,,,,,,,,,,,,,,,,,,,,,,,,,,,,,,,,,,,,,,,,,,,,,,,,,,,,,,,,,,,,,,,,,,,,,,,,,,,,,9105304.794636209 
 01/12,,,,,,,,,,,,,,,,,,,,,,,,,,,,,,,,,,,,,,,,,,,,,,,,,,,,,,,,,,,,,,,,,,,,,,,,,,,,,,,1414833.2945320872 
 01/13,,,,,,,,,,,,,,,,,,,,,,,,,,,,,,,,,,,,,,,,,,,,,,,,,,,,,,,,,,,,,,,,,,,,,,,,,,,,,,,1414833.2945320872 
 01/14,,,,,,,,,,,,,,,,,,,,,,,,,,,,,,,,,,,,,,,,,,,,,,,,,,,,,,,,,,,,,,,,,,,,,,,,,,,,,,,9105304.794636209 
 01/15,,,,,,,,,,,,,,,,,,,,,,,,,,,,,,,,,,,,,,,,,,,,,,,,,,,,,,,,,,,,,,,,,,,,,,,,,,,,,,,9105304.794636209 
 01/16,,,,,,,,,,,,,,,,,,,,,,,,,,,,,,,,,,,,,,,,,,,,,,,,,,,,,,,,,,,,,,,,,,,,,,,,,,,,,,,9105304.794636209 
 01/17,,,,,,,,,,,,,,,,,,,,,,,,,,,,,,,,,,,,,,,,,,,,,,,,,,,,,,,,,,,,,,,,,,,,,,,,,,,,,,,9105304.794636209 
 01/18,,,,,,,,,,,,,,,,,,,,,,,,,,,,,,,,,,,,,,,,,,,,,,,,,,,,,,,,,,,,,,,,,,,,,,,,,,,,,,,9105304.794636209 
 01/19,,,,,,,,,,,,,,,,,,,,,,,,,,,,,,,,,,,,,,,,,,,,,,,,,,,,,,,,,,,,,,,,,,,,,,,,,,,,,,,1414833.2945320872 
 01/20,,,,,,,,,,,,,,,,,,,,,,,,,,,,,,,,,,,,,,,,,,,,,,,,,,,,,,,,,,,,,,,,,,,,,,,,,,,,,,,1414833.2945320872 
 01/21,,,,,,,,,,,,,,,,,,,,,,,,,,,,,,,,,,,,,,,,,,,,,,,,,,,,,,,,,,,,,,,,,,,,,,,,,,,,,,,9105304.794636209 
 01/22,,,,,,,,,,,,,,,,,,,,,,,,,,,,,,,,,,,,,,,,,,,,,,,,,,,,,,,,,,,,,,,,,,,,,,,,,,,,,,,9105304.794636209 
 01/23,,,,,,,,,,,,,,,,,,,,,,,,,,,,,,,,,,,,,,,,,,,,,,,,,,,,,,,,,,,,,,,,,,,,,,,,,,,,,,,9105304.794636209 
 01/24,,,,,,,,,,,,,,,,,,,,,,,,,,,,,,,,,,,,,,,,,,,,,,,,,,,,,,,,,,,,,,,,,,,,,,,,,,,,,,,9105304.794636209 
 01/25,,,,,,,,,,,,,,,,,,,,,,,,,,,,,,,,,,,,,,,,,,,,,,,,,,,,,,,,,,,,,,,,,,,,,,,,,,,,,,,9105304.794636209 
 01/26,,,,,,,,,,,,,,,,,,,,,,,,,,,,,,,,,,,,,,,,,,,,,,,,,,,,,,,,,,,,,,,,,,,,,,,,,,,,,,,1414833.2945320872 
 01/27,,,,,,,,,,,,,,,,,,,,,,,,,,,,,,,,,,,,,,,,,,,,,,,,,,,,,,,,,,,,,,,,,,,,,,,,,,,,,,,1414833.2945320872 
 01/28,,,,,,,,,,,,,,,,,,,,,,,,,,,,,,,,,,,,,,,,,,,,,,,,,,,,,,,,,,,,,,,,,,,,,,,,,,,,,,,9105304.794636209 
 01/29,,,,,,,,,,,,,,,,,,,,,,,,,,,,,,,,,,,,,,,,,,,,,,,,,,,,,,,,,,,,,,,,,,,,,,,,,,,,,,,9105304.794636209 
 01/30,,,,,,,,,,,,,,,,,,,,,,,,,,,,,,,,,,,,,,,,,,,,,,,,,,,,,,,,,,,,,,,,,,,,,,,,,,,,,,,9105304.794636209 
 01/31,3.6961357526881735,88.29760304659489,16.15176971326165,10.273955192924094,229.88288861832834,615718328.8753307,51.997689046611924,60.77490158010423,29.39422124791475,51.9973109022728,113.13211946268778,58.132243301762095,54.999876160925574,90.47095808518611,75.35069553319143,161.56972918120937,242317414.13536257,201819302.91609988,60.77490157789552,116.75076915564071,61.328322697554846,55.42244645808582,100.10828758522474,78.96467865332578,221.55207970529864,268130037.46826595,211498995.30506802,10.566021439604086,10.566006209142392,-0.0008505493159049274,10.565863833820424,10.565848605253683,-0.0008575307001525477,10.610761965020359,5.072925808128574,-26.433206112863314,10.62108716834558,5.541950408259319,-24.37162269534804,9.944801055655116,3.7225984489567585,-554.4981384439166,10.383289402553995,2.30858428002374,-185.27880330365537,9.405646839260582,4.137952988752648,0.06966845878136199,3.1350806451612905,9.440920196322587,4.374984858181815,0.0913978494623656,4.112903225806452,11.406203427907778,24.66357587108399,-731.5204757765434,0.0,0.0,731.0249783668804,25.25877004676552,0.0,0.0,0.0,0.0,0.0,0.0,0.0,0.0,0.0,0.0,1957977301.6451836,0.0,731.0249782128078,0.0,1782387714.2663505,0.0,1957977301.6451867,0.0,9105304.794636209 
 02/01,,,,,,,,,,,,,,,,,,,,,,,,,,,,,,,,,,,,,,,,,,,,,,,,,,,,,,,,,,,,,,,,,,,,,,,,,,,,,,,9105304.794636209 
 02/02,,,,,,,,,,,,,,,,,,,,,,,,,,,,,,,,,,,,,,,,,,,,,,,,,,,,,,,,,,,,,,,,,,,,,,,,,,,,,,,1414833.2945320872 
 02/03,,,,,,,,,,,,,,,,,,,,,,,,,,,,,,,,,,,,,,,,,,,,,,,,,,,,,,,,,,,,,,,,,,,,,,,,,,,,,,,1414833.2945320872 
 02/04,,,,,,,,,,,,,,,,,,,,,,,,,,,,,,,,,,,,,,,,,,,,,,,,,,,,,,,,,,,,,,,,,,,,,,,,,,,,,,,9105304.794636209 
 02/05,,,,,,,,,,,,,,,,,,,,,,,,,,,,,,,,,,,,,,,,,,,,,,,,,,,,,,,,,,,,,,,,,,,,,,,,,,,,,,,9105304.794636209 
 02/06,,,,,,,,,,,,,,,,,,,,,,,,,,,,,,,,,,,,,,,,,,,,,,,,,,,,,,,,,,,,,,,,,,,,,,,,,,,,,,,9105304.794636209 
 02/07,,,,,,,,,,,,,,,,,,,,,,,,,,,,,,,,,,,,,,,,,,,,,,,,,,,,,,,,,,,,,,,,,,,,,,,,,,,,,,,9105304.794636209 
 02/08,,,,,,,,,,,,,,,,,,,,,,,,,,,,,,,,,,,,,,,,,,,,,,,,,,,,,,,,,,,,,,,,,,,,,,,,,,,,,,,9105304.794636209 
 02/09,,,,,,,,,,,,,,,,,,,,,,,,,,,,,,,,,,,,,,,,,,,,,,,,,,,,,,,,,,,,,,,,,,,,,,,,,,,,,,,1414833.2945320872 
 02/10,,,,,,,,,,,,,,,,,,,,,,,,,,,,,,,,,,,,,,,,,,,,,,,,,,,,,,,,,,,,,,,,,,,,,,,,,,,,,,,1414833.2945320872 
 02/11,,,,,,,,,,,,,,,,,,,,,,,,,,,,,,,,,,,,,,,,,,,,,,,,,,,,,,,,,,,,,,,,,,,,,,,,,,,,,,,9105304.794636209 
 02/12,,,,,,,,,,,,,,,,,,,,,,,,,,,,,,,,,,,,,,,,,,,,,,,,,,,,,,,,,,,,,,,,,,,,,,,,,,,,,,,9105304.794636209 
 02/13,,,,,,,,,,,,,,,,,,,,,,,,,,,,,,,,,,,,,,,,,,,,,,,,,,,,,,,,,,,,,,,,,,,,,,,,,,,,,,,9105304.794636209 
 02/14,,,,,,,,,,,,,,,,,,,,,,,,,,,,,,,,,,,,,,,,,,,,,,,,,,,,,,,,,,,,,,,,,,,,,,,,,,,,,,,9105304.794636209 
 02/15,,,,,,,,,,,,,,,,,,,,,,,,,,,,,,,,,,,,,,,,,,,,,,,,,,,,,,,,,,,,,,,,,,,,,,,,,,,,,,,9105304.794636209 
 02/16,,,,,,,,,,,,,,,,,,,,,,,,,,,,,,,,,,,,,,,,,,,,,,,,,,,,,,,,,,,,,,,,,,,,,,,,,,,,,,,1414833.2945320872 
 02/17,,,,,,,,,,,,,,,,,,,,,,,,,,,,,,,,,,,,,,,,,,,,,,,,,,,,,,,,,,,,,,,,,,,,,,,,,,,,,,,1414833.2945320872 
 02/18,,,,,,,,,,,,,,,,,,,,,,,,,,,,,,,,,,,,,,,,,,,,,,,,,,,,,,,,,,,,,,,,,,,,,,,,,,,,,,,9105304.794636209 
 02/19,,,,,,,,,,,,,,,,,,,,,,,,,,,,,,,,,,,,,,,,,,,,,,,,,,,,,,,,,,,,,,,,,,,,,,,,,,,,,,,9105304.794636209 
 02/20,,,,,,,,,,,,,,,,,,,,,,,,,,,,,,,,,,,,,,,,,,,,,,,,,,,,,,,,,,,,,,,,,,,,,,,,,,,,,,,9105304.794636209 
 02/21,,,,,,,,,,,,,,,,,,,,,,,,,,,,,,,,,,,,,,,,,,,,,,,,,,,,,,,,,,,,,,,,,,,,,,,,,,,,,,,9105304.794636209 
 02/22,,,,,,,,,,,,,,,,,,,,,,,,,,,,,,,,,,,,,,,,,,,,,,,,,,,,,,,,,,,,,,,,,,,,,,,,,,,,,,,9105304.794636209 
 02/23,,,,,,,,,,,,,,,,,,,,,,,,,,,,,,,,,,,,,,,,,,,,,,,,,,,,,,,,,,,,,,,,,,,,,,,,,,,,,,,1414833.2945320872 
 02/24,,,,,,,,,,,,,,,,,,,,,,,,,,,,,,,,,,,,,,,,,,,,,,,,,,,,,,,,,,,,,,,,,,,,,,,,,,,,,,,1414833.2945320872 
 02/25,,,,,,,,,,,,,,,,,,,,,,,,,,,,,,,,,,,,,,,,,,,,,,,,,,,,,,,,,,,,,,,,,,,,,,,,,,,,,,,9105304.794636209 
 02/26,,,,,,,,,,,,,,,,,,,,,,,,,,,,,,,,,,,,,,,,,,,,,,,,,,,,,,,,,,,,,,,,,,,,,,,,,,,,,,,9105304.794636209 
 02/27,,,,,,,,,,,,,,,,,,,,,,,,,,,,,,,,,,,,,,,,,,,,,,,,,,,,,,,,,,,,,,,,,,,,,,,,,,,,,,,9105304.794636209 
 02/28,4.140798611111114,91.42261904761897,31.374338624338616,11.159059445783868,299.3678541189219,724230712.684496,69.53969868880003,84.45555259913552,57.17785788228625,69.53921037095928,152.12815864658828,63.90049490661601,88.2276637399723,128.90219870573088,67.80529939589857,212.76297089909235,311840199.1089045,164034580.29855785,84.45555259613347,147.23969547233378,61.09981212279903,86.13988334953463,131.8063878628692,72.7520563072162,324.93764372443377,318866013.51785296,176001774.6184174,11.409893299783754,11.409851588073,-0.0023294019423668842,11.409766731795662,11.409725017518939,-0.002348958606298762,11.432940591688993,6.778222751285044,-26.321955392017223,11.446772481755833,7.622583869907207,-23.5510095796642,10.912922991870014,5.627020583359233,-471.0587601824751,11.246813750923192,3.790654361918923,-171.0859118534766,10.29183056045097,5.0476786242418825,0.08680555555555555,3.90625,10.33544079475642,5.504094515592051,0.11755952380952381,5.290178571428571,12.049708380050523,23.839168337714145,-551.9272074604654,0.0,0.0,549.0299525940627,22.950685246087787,0.0,0.0,0.0,0.0,0.0,0.0,0.0,0.0,0.0,0.0,1328213261.315556,0.0,549.0299525940627,0.0,1611378724.1967583,0.0,1328213261.315554,0.0,9105304.794636209 
 03/01,,,,,,,,,,,,,,,,,,,,,,,,,,,,,,,,,,,,,,,,,,,,,,,,,,,,,,,,,,,,,,,,,,,,,,,,,,,,,,,9105304.794636209 
 03/02,,,,,,,,,,,,,,,,,,,,,,,,,,,,,,,,,,,,,,,,,,,,,,,,,,,,,,,,,,,,,,,,,,,,,,,,,,,,,,,1414833.2945320872 
 03/03,,,,,,,,,,,,,,,,,,,,,,,,,,,,,,,,,,,,,,,,,,,,,,,,,,,,,,,,,,,,,,,,,,,,,,,,,,,,,,,1414833.2945320872 
 03/04,,,,,,,,,,,,,,,,,,,,,,,,,,,,,,,,,,,,,,,,,,,,,,,,,,,,,,,,,,,,,,,,,,,,,,,,,,,,,,,9105304.794636209 
 03/05,,,,,,,,,,,,,,,,,,,,,,,,,,,,,,,,,,,,,,,,,,,,,,,,,,,,,,,,,,,,,,,,,,,,,,,,,,,,,,,9105304.794636209 
 03/06,,,,,,,,,,,,,,,,,,,,,,,,,,,,,,,,,,,,,,,,,,,,,,,,,,,,,,,,,,,,,,,,,,,,,,,,,,,,,,,9105304.794636209 
 03/07,,,,,,,,,,,,,,,,,,,,,,,,,,,,,,,,,,,,,,,,,,,,,,,,,,,,,,,,,,,,,,,,,,,,,,,,,,,,,,,9105304.794636209 
 03/08,,,,,,,,,,,,,,,,,,,,,,,,,,,,,,,,,,,,,,,,,,,,,,,,,,,,,,,,,,,,,,,,,,,,,,,,,,,,,,,9105304.794636209 
 03/09,,,,,,,,,,,,,,,,,,,,,,,,,,,,,,,,,,,,,,,,,,,,,,,,,,,,,,,,,,,,,,,,,,,,,,,,,,,,,,,1414833.2945320872 
 03/10,,,,,,,,,,,,,,,,,,,,,,,,,,,,,,,,,,,,,,,,,,,,,,,,,,,,,,,,,,,,,,,,,,,,,,,,,,,,,,,1414833.2945320872 
 03/11,,,,,,,,,,,,,,,,,,,,,,,,,,,,,,,,,,,,,,,,,,,,,,,,,,,,,,,,,,,,,,,,,,,,,,,,,,,,,,,9105304.794636209 
 03/12,,,,,,,,,,,,,,,,,,,,,,,,,,,,,,,,,,,,,,,,,,,,,,,,,,,,,,,,,,,,,,,,,,,,,,,,,,,,,,,9105304.794636209 
 03/13,,,,,,,,,,,,,,,,,,,,,,,,,,,,,,,,,,,,,,,,,,,,,,,,,,,,,,,,,,,,,,,,,,,,,,,,,,,,,,,9105304.794636209 
 03/14,,,,,,,,,,,,,,,,,,,,,,,,,,,,,,,,,,,,,,,,,,,,,,,,,,,,,,,,,,,,,,,,,,,,,,,,,,,,,,,9105304.794636209 
 03/15,,,,,,,,,,,,,,,,,,,,,,,,,,,,,,,,,,,,,,,,,,,,,,,,,,,,,,,,,,,,,,,,,,,,,,,,,,,,,,,9105304.794636209 
 03/16,,,,,,,,,,,,,,,,,,,,,,,,,,,,,,,,,,,,,,,,,,,,,,,,,,,,,,,,,,,,,,,,,,,,,,,,,,,,,,,1414833.2945320872 
 03/17,,,,,,,,,,,,,,,,,,,,,,,,,,,,,,,,,,,,,,,,,,,,,,,,,,,,,,,,,,,,,,,,,,,,,,,,,,,,,,,1414833.2945320872 
 03/18,,,,,,,,,,,,,,,,,,,,,,,,,,,,,,,,,,,,,,,,,,,,,,,,,,,,,,,,,,,,,,,,,,,,,,,,,,,,,,,9105304.794636209 
 03/19,,,,,,,,,,,,,,,,,,,,,,,,,,,,,,,,,,,,,,,,,,,,,,,,,,,,,,,,,,,,,,,,,,,,,,,,,,,,,,,9105304.794636209 
 03/20,,,,,,,,,,,,,,,,,,,,,,,,,,,,,,,,,,,,,,,,,,,,,,,,,,,,,,,,,,,,,,,,,,,,,,,,,,,,,,,9105304.794636209 
 03/21,,,,,,,,,,,,,,,,,,,,,,,,,,,,,,,,,,,,,,,,,,,,,,,,,,,,,,,,,,,,,,,,,,,,,,,,,,,,,,,9105304.794636209 
 03/22,,,,,,,,,,,,,,,,,,,,,,,,,,,,,,,,,,,,,,,,,,,,,,,,,,,,,,,,,,,,,,,,,,,,,,,,,,,,,,,9105304.794636209 
 03/23,,,,,,,,,,,,,,,,,,,,,,,,,,,,,,,,,,,,,,,,,,,,,,,,,,,,,,,,,,,,,,,,,,,,,,,,,,,,,,,1414833.2945320872 
 03/24,,,,,,,,,,,,,,,,,,,,,,,,,,,,,,,,,,,,,,,,,,,,,,,,,,,,,,,,,,,,,,,,,,,,,,,,,,,,,,,1414833.2945320872 
 03/25,,,,,,,,,,,,,,,,,,,,,,,,,,,,,,,,,,,,,,,,,,,,,,,,,,,,,,,,,,,,,,,,,,,,,,,,,,,,,,,9105304.794636209 
 03/26,,,,,,,,,,,,,,,,,,,,,,,,,,,,,,,,,,,,,,,,,,,,,,,,,,,,,,,,,,,,,,,,,,,,,,,,,,,,,,,9105304.794636209 
 03/27,,,,,,,,,,,,,,,,,,,,,,,,,,,,,,,,,,,,,,,,,,,,,,,,,,,,,,,,,,,,,,,,,,,,,,,,,,,,,,,9105304.794636209 
 03/28,,,,,,,,,,,,,,,,,,,,,,,,,,,,,,,,,,,,,,,,,,,,,,,,,,,,,,,,,,,,,,,,,,,,,,,,,,,,,,,9105304.794636209 
 03/29,,,,,,,,,,,,,,,,,,,,,,,,,,,,,,,,,,,,,,,,,,,,,,,,,,,,,,,,,,,,,,,,,,,,,,,,,,,,,,,9105304.794636209 
 03/30,,,,,,,,,,,,,,,,,,,,,,,,,,,,,,,,,,,,,,,,,,,,,,,,,,,,,,,,,,,,,,,,,,,,,,,,,,,,,,,1414833.2945320872 
 03/31,5.679121863799289,82.00156810035845,50.763440860215034,12.381422095076587,382.78185078141024,1025242909.1329292,96.15734420855472,120.75862245740629,104.19846364849045,96.15669007366681,183.0285988709046,57.08897514059414,125.93962373031049,158.7427870064302,53.933065026912814,329.4296783430473,425176680.7180227,144454321.36808324,120.75862245319063,199.75325191050567,71.04861829038066,128.70463362012475,190.61297940529738,59.48859546590418,476.23945803182477,510537804.03914857,159334254.09587768,12.601162859298485,12.6009143003862,-0.01388084071497886,12.601063491613987,12.600814933236968,-0.013996487166429018,12.59934491567985,8.353857513609642,-26.236288600801295,12.630856811064884,9.851953722709265,-19.255877803074906,12.143665753380327,7.038135802660713,-454.98467864032284,12.48049326094343,6.319317349278191,-141.37176312129418,11.6066939384592,6.472124088431273,0.13082437275985662,5.887096774193548,11.732461009432486,7.17824361369942,0.17159498207885307,7.721774193548387,13.06084380095907,22.739958293221015,-389.21787460903266,0.0,0.0,387.4053929909353,22.65979011559563,0.0,0.0,0.0,0.0,0.0,0.0,0.0,0.0,0.0,0.0,1037626604.5869211,0.0,387.4053929909353,0.0,1784034194.6464994,0.0,1037626604.586921,0.0,1414833.2945320872 
 04/01,,,,,,,,,,,,,,,,,,,,,,,,,,,,,,,,,,,,,,,,,,,,,,,,,,,,,,,,,,,,,,,,,,,,,,,,,,,,,,,9105304.794636209 
 04/02,,,,,,,,,,,,,,,,,,,,,,,,,,,,,,,,,,,,,,,,,,,,,,,,,,,,,,,,,,,,,,,,,,,,,,,,,,,,,,,9105304.794636209 
 04/03,,,,,,,,,,,,,,,,,,,,,,,,,,,,,,,,,,,,,,,,,,,,,,,,,,,,,,,,,,,,,,,,,,,,,,,,,,,,,,,9105304.794636209 
 04/04,,,,,,,,,,,,,,,,,,,,,,,,,,,,,,,,,,,,,,,,,,,,,,,,,,,,,,,,,,,,,,,,,,,,,,,,,,,,,,,9105304.794636209 
 04/05,,,,,,,,,,,,,,,,,,,,,,,,,,,,,,,,,,,,,,,,,,,,,,,,,,,,,,,,,,,,,,,,,,,,,,,,,,,,,,,9105304.794636209 
 04/06,,,,,,,,,,,,,,,,,,,,,,,,,,,,,,,,,,,,,,,,,,,,,,,,,,,,,,,,,,,,,,,,,,,,,,,,,,,,,,,1414833.2945320872 
 04/07,,,,,,,,,,,,,,,,,,,,,,,,,,,,,,,,,,,,,,,,,,,,,,,,,,,,,,,,,,,,,,,,,,,,,,,,,,,,,,,1414833.2945320872 
 04/08,,,,,,,,,,,,,,,,,,,,,,,,,,,,,,,,,,,,,,,,,,,,,,,,,,,,,,,,,,,,,,,,,,,,,,,,,,,,,,,9105304.794636209 
 04/09,,,,,,,,,,,,,,,,,,,,,,,,,,,,,,,,,,,,,,,,,,,,,,,,,,,,,,,,,,,,,,,,,,,,,,,,,,,,,,,9105304.794636209 
 04/10,,,,,,,,,,,,,,,,,,,,,,,,,,,,,,,,,,,,,,,,,,,,,,,,,,,,,,,,,,,,,,,,,,,,,,,,,,,,,,,9105304.794636209 
 04/11,,,,,,,,,,,,,,,,,,,,,,,,,,,,,,,,,,,,,,,,,,,,,,,,,,,,,,,,,,,,,,,,,,,,,,,,,,,,,,,9105304.794636209 
 04/12,,,,,,,,,,,,,,,,,,,,,,,,,,,,,,,,,,,,,,,,,,,,,,,,,,,,,,,,,,,,,,,,,,,,,,,,,,,,,,,9105304.794636209 
 04/13,,,,,,,,,,,,,,,,,,,,,,,,,,,,,,,,,,,,,,,,,,,,,,,,,,,,,,,,,,,,,,,,,,,,,,,,,,,,,,,1414833.2945320872 
 04/14,,,,,,,,,,,,,,,,,,,,,,,,,,,,,,,,,,,,,,,,,,,,,,,,,,,,,,,,,,,,,,,,,,,,,,,,,,,,,,,1414833.2945320872 
 04/15,,,,,,,,,,,,,,,,,,,,,,,,,,,,,,,,,,,,,,,,,,,,,,,,,,,,,,,,,,,,,,,,,,,,,,,,,,,,,,,9105304.794636209 
 04/16,,,,,,,,,,,,,,,,,,,,,,,,,,,,,,,,,,,,,,,,,,,,,,,,,,,,,,,,,,,,,,,,,,,,,,,,,,,,,,,9105304.794636209 
 04/17,,,,,,,,,,,,,,,,,,,,,,,,,,,,,,,,,,,,,,,,,,,,,,,,,,,,,,,,,,,,,,,,,,,,,,,,,,,,,,,9105304.794636209 
 04/18,,,,,,,,,,,,,,,,,,,,,,,,,,,,,,,,,,,,,,,,,,,,,,,,,,,,,,,,,,,,,,,,,,,,,,,,,,,,,,,9105304.794636209 
 04/19,,,,,,,,,,,,,,,,,,,,,,,,,,,,,,,,,,,,,,,,,,,,,,,,,,,,,,,,,,,,,,,,,,,,,,,,,,,,,,,9105304.794636209 
 04/20,,,,,,,,,,,,,,,,,,,,,,,,,,,,,,,,,,,,,,,,,,,,,,,,,,,,,,,,,,,,,,,,,,,,,,,,,,,,,,,1414833.2945320872 
 04/21,,,,,,,,,,,,,,,,,,,,,,,,,,,,,,,,,,,,,,,,,,,,,,,,,,,,,,,,,,,,,,,,,,,,,,,,,,,,,,,1414833.2945320872 
 04/22,,,,,,,,,,,,,,,,,,,,,,,,,,,,,,,,,,,,,,,,,,,,,,,,,,,,,,,,,,,,,,,,,,,,,,,,,,,,,,,9105304.794636209 
 04/23,,,,,,,,,,,,,,,,,,,,,,,,,,,,,,,,,,,,,,,,,,,,,,,,,,,,,,,,,,,,,,,,,,,,,,,,,,,,,,,9105304.794636209 
 04/24,,,,,,,,,,,,,,,,,,,,,,,,,,,,,,,,,,,,,,,,,,,,,,,,,,,,,,,,,,,,,,,,,,,,,,,,,,,,,,,9105304.794636209 
 04/25,,,,,,,,,,,,,,,,,,,,,,,,,,,,,,,,,,,,,,,,,,,,,,,,,,,,,,,,,,,,,,,,,,,,,,,,,,,,,,,9105304.794636209 
 04/26,,,,,,,,,,,,,,,,,,,,,,,,,,,,,,,,,,,,,,,,,,,,,,,,,,,,,,,,,,,,,,,,,,,,,,,,,,,,,,,9105304.794636209 
 04/27,,,,,,,,,,,,,,,,,,,,,,,,,,,,,,,,,,,,,,,,,,,,,,,,,,,,,,,,,,,,,,,,,,,,,,,,,,,,,,,1414833.2945320872 
 04/28,,,,,,,,,,,,,,,,,,,,,,,,,,,,,,,,,,,,,,,,,,,,,,,,,,,,,,,,,,,,,,,,,,,,,,,,,,,,,,,1414833.2945320872 
 04/29,,,,,,,,,,,,,,,,,,,,,,,,,,,,,,,,,,,,,,,,,,,,,,,,,,,,,,,,,,,,,,,,,,,,,,,,,,,,,,,9105304.794636209 
 04/30,9.14123842592593,71.94641203703705,69.3037422839506,14.808790316552273,500.66525159165064,1297724332.1255596,135.2622172612733,155.27338798743358,172.92731346784552,135.26132629413553,254.18678755415655,76.11916505641686,178.06762249773976,257.5375807375321,44.09720306189017,466.5750919714031,667537409.2716838,114299950.33641924,155.27338798217139,246.47846403749406,75.38699206193947,171.09147197555478,257.15401895710903,47.535221667522386,614.1359657289875,666543217.1368264,123211294.56221798,14.985471928570634,14.984780202872194,-0.038629611589616204,14.985407308743149,14.984715580736964,-0.038951663091841136,14.969542855401773,13.959613023552176,-19.42215729977681,14.996650738260685,14.949699049085947,-13.971502888820275,14.51287494847411,8.755726680190772,-513.0543312864892,14.959511202164652,11.971988889636355,-68.55043627088632,14.400175108092157,10.41251787340174,0.17685185185185184,7.958333333333333,14.45840040755652,11.024149096938794,0.2145833333333332,9.65625,15.155252783650678,24.40709352736893,-177.38440924684204,0.0,0.0,180.8849452371852,28.299477312925646,0.0,0.0,0.0,0.0,0.0,0.0,0.0,0.0,0.0,0.0,468853778.0547841,0.0,180.8849452371852,0.0,1726491410.9151547,0.0,468853778.05478406,0.0,9105304.794636209 
 05/01,,,,,,,,,,,,,,,,,,,,,,,,,,,,,,,,,,,,,,,,,,,,,,,,,,,,,,,,,,,,,,,,,,,,,,,,,,,,,,,9105304.794636209 
 05/02,,,,,,,,,,,,,,,,,,,,,,,,,,,,,,,,,,,,,,,,,,,,,,,,,,,,,,,,,,,,,,,,,,,,,,,,,,,,,,,9105304.794636209 
 05/03,,,,,,,,,,,,,,,,,,,,,,,,,,,,,,,,,,,,,,,,,,,,,,,,,,,,,,,,,,,,,,,,,,,,,,,,,,,,,,,9105304.794636209 
 05/04,,,,,,,,,,,,,,,,,,,,,,,,,,,,,,,,,,,,,,,,,,,,,,,,,,,,,,,,,,,,,,,,,,,,,,,,,,,,,,,1414833.2945320872 
 05/05,,,,,,,,,,,,,,,,,,,,,,,,,,,,,,,,,,,,,,,,,,,,,,,,,,,,,,,,,,,,,,,,,,,,,,,,,,,,,,,1414833.2945320872 
 05/06,,,,,,,,,,,,,,,,,,,,,,,,,,,,,,,,,,,,,,,,,,,,,,,,,,,,,,,,,,,,,,,,,,,,,,,,,,,,,,,9105304.794636209 
 05/07,,,,,,,,,,,,,,,,,,,,,,,,,,,,,,,,,,,,,,,,,,,,,,,,,,,,,,,,,,,,,,,,,,,,,,,,,,,,,,,9105304.794636209 
 05/08,,,,,,,,,,,,,,,,,,,,,,,,,,,,,,,,,,,,,,,,,,,,,,,,,,,,,,,,,,,,,,,,,,,,,,,,,,,,,,,9105304.794636209 
 05/09,,,,,,,,,,,,,,,,,,,,,,,,,,,,,,,,,,,,,,,,,,,,,,,,,,,,,,,,,,,,,,,,,,,,,,,,,,,,,,,9105304.794636209 
 05/10,,,,,,,,,,,,,,,,,,,,,,,,,,,,,,,,,,,,,,,,,,,,,,,,,,,,,,,,,,,,,,,,,,,,,,,,,,,,,,,9105304.794636209 
 05/11,,,,,,,,,,,,,,,,,,,,,,,,,,,,,,,,,,,,,,,,,,,,,,,,,,,,,,,,,,,,,,,,,,,,,,,,,,,,,,,1414833.2945320872 
 05/12,,,,,,,,,,,,,,,,,,,,,,,,,,,,,,,,,,,,,,,,,,,,,,,,,,,,,,,,,,,,,,,,,,,,,,,,,,,,,,,1414833.2945320872 
 05/13,,,,,,,,,,,,,,,,,,,,,,,,,,,,,,,,,,,,,,,,,,,,,,,,,,,,,,,,,,,,,,,,,,,,,,,,,,,,,,,9105304.794636209 
 05/14,,,,,,,,,,,,,,,,,,,,,,,,,,,,,,,,,,,,,,,,,,,,,,,,,,,,,,,,,,,,,,,,,,,,,,,,,,,,,,,9105304.794636209 
 05/15,,,,,,,,,,,,,,,,,,,,,,,,,,,,,,,,,,,,,,,,,,,,,,,,,,,,,,,,,,,,,,,,,,,,,,,,,,,,,,,9105304.794636209 
 05/16,,,,,,,,,,,,,,,,,,,,,,,,,,,,,,,,,,,,,,,,,,,,,,,,,,,,,,,,,,,,,,,,,,,,,,,,,,,,,,,9105304.794636209 
 05/17,,,,,,,,,,,,,,,,,,,,,,,,,,,,,,,,,,,,,,,,,,,,,,,,,,,,,,,,,,,,,,,,,,,,,,,,,,,,,,,9105304.794636209 
 05/18,,,,,,,,,,,,,,,,,,,,,,,,,,,,,,,,,,,,,,,,,,,,,,,,,,,,,,,,,,,,,,,,,,,,,,,,,,,,,,,1414833.2945320872 
 05/19,,,,,,,,,,,,,,,,,,,,,,,,,,,,,,,,,,,,,,,,,,,,,,,,,,,,,,,,,,,,,,,,,,,,,,,,,,,,,,,1414833.2945320872 
 05/20,,,,,,,,,,,,,,,,,,,,,,,,,,,,,,,,,,,,,,,,,,,,,,,,,,,,,,,,,,,,,,,,,,,,,,,,,,,,,,,9105304.794636209 
 05/21,,,,,,,,,,,,,,,,,,,,,,,,,,,,,,,,,,,,,,,,,,,,,,,,,,,,,,,,,,,,,,,,,,,,,,,,,,,,,,,9105304.794636209 
 05/22,,,,,,,,,,,,,,,,,,,,,,,,,,,,,,,,,,,,,,,,,,,,,,,,,,,,,,,,,,,,,,,,,,,,,,,,,,,,,,,9105304.794636209 
 05/23,,,,,,,,,,,,,,,,,,,,,,,,,,,,,,,,,,,,,,,,,,,,,,,,,,,,,,,,,,,,,,,,,,,,,,,,,,,,,,,9105304.794636209 
 05/24,,,,,,,,,,,,,,,,,,,,,,,,,,,,,,,,,,,,,,,,,,,,,,,,,,,,,,,,,,,,,,,,,,,,,,,,,,,,,,,9105304.794636209 
 05/25,,,,,,,,,,,,,,,,,,,,,,,,,,,,,,,,,,,,,,,,,,,,,,,,,,,,,,,,,,,,,,,,,,,,,,,,,,,,,,,1414833.2945320872 
 05/26,,,,,,,,,,,,,,,,,,,,,,,,,,,,,,,,,,,,,,,,,,,,,,,,,,,,,,,,,,,,,,,,,,,,,,,,,,,,,,,1414833.2945320872 
 05/27,,,,,,,,,,,,,,,,,,,,,,,,,,,,,,,,,,,,,,,,,,,,,,,,,,,,,,,,,,,,,,,,,,,,,,,,,,,,,,,9105304.794636209 
 05/28,,,,,,,,,,,,,,,,,,,,,,,,,,,,,,,,,,,,,,,,,,,,,,,,,,,,,,,,,,,,,,,,,,,,,,,,,,,,,,,9105304.794636209 
 05/29,,,,,,,,,,,,,,,,,,,,,,,,,,,,,,,,,,,,,,,,,,,,,,,,,,,,,,,,,,,,,,,,,,,,,,,,,,,,,,,9105304.794636209 
 05/30,,,,,,,,,,,,,,,,,,,,,,,,,,,,,,,,,,,,,,,,,,,,,,,,,,,,,,,,,,,,,,,,,,,,,,,,,,,,,,,9105304.794636209 
 05/31,13.509117383512546,75.91140232974915,91.2976403823179,19.576456683515804,556.1773411039179,1489665390.4127333,143.00150851941152,154.84614555532022,218.3895020955481,143.00059835293638,287.06144714344134,68.73428794108914,218.32715920235228,292.5953945174104,41.784783105226765,457.46288793223516,783687504.6754321,111916363.06903934,154.84614555024336,269.1158939604761,63.74085477398029,205.37503918649628,277.76323529304864,44.212897727011416,565.8572684802044,743961049.4089029,118419825.27202748,19.69797236929235,19.696998365064633,-0.05439353357612736,19.697952466840228,19.6969784628696,-0.05484680998298477,19.633491689558035,18.480084644352335,-21.319476078151503,19.65681651634864,19.338388181831856,-17.169103901269054,19.376873422642085,14.764381610858678,-411.0470656272806,19.733950070578686,18.393642126110446,-30.754144980051436,19.150219142789044,14.859164304593603,0.1935483870967742,8.709677419354838,19.16965996198543,15.364343789196582,0.23073476702508955,10.383064516129032,19.554420361521434,24.66357587108399,10.056158400386472,0.0,0.0,-30.18980317836035,5.363152003314601,0.0,0.0,0.0,0.0,0.0,0.0,0.0,0.0,0.0,0.0,31459417.179496877,112319786.01241726,11.74560079879662,41.93540397715698,1784058003.1992679,0.0,31459417.179496877,112319786.01241723,9105304.794636209 
 06/01,,,,,,,,,,,,,,,,,,,,,,,,,,,,,,,,,,,,,,,,,,,,,,,,,,,,,,,,,,,,,,,,,,,,,,,,,,,,,,,1414833.2945320872 
 06/02,,,,,,,,,,,,,,,,,,,,,,,,,,,,,,,,,,,,,,,,,,,,,,,,,,,,,,,,,,,,,,,,,,,,,,,,,,,,,,,1414833.2945320872 
 06/03,,,,,,,,,,,,,,,,,,,,,,,,,,,,,,,,,,,,,,,,,,,,,,,,,,,,,,,,,,,,,,,,,,,,,,,,,,,,,,,9105304.794636209 
 06/04,,,,,,,,,,,,,,,,,,,,,,,,,,,,,,,,,,,,,,,,,,,,,,,,,,,,,,,,,,,,,,,,,,,,,,,,,,,,,,,9105304.794636209 
 06/05,,,,,,,,,,,,,,,,,,,,,,,,,,,,,,,,,,,,,,,,,,,,,,,,,,,,,,,,,,,,,,,,,,,,,,,,,,,,,,,9105304.794636209 
 06/06,,,,,,,,,,,,,,,,,,,,,,,,,,,,,,,,,,,,,,,,,,,,,,,,,,,,,,,,,,,,,,,,,,,,,,,,,,,,,,,9105304.794636209 
 06/07,,,,,,,,,,,,,,,,,,,,,,,,,,,,,,,,,,,,,,,,,,,,,,,,,,,,,,,,,,,,,,,,,,,,,,,,,,,,,,,9105304.794636209 
 06/08,,,,,,,,,,,,,,,,,,,,,,,,,,,,,,,,,,,,,,,,,,,,,,,,,,,,,,,,,,,,,,,,,,,,,,,,,,,,,,,1414833.2945320872 
 06/09,,,,,,,,,,,,,,,,,,,,,,,,,,,,,,,,,,,,,,,,,,,,,,,,,,,,,,,,,,,,,,,,,,,,,,,,,,,,,,,1414833.2945320872 
 06/10,,,,,,,,,,,,,,,,,,,,,,,,,,,,,,,,,,,,,,,,,,,,,,,,,,,,,,,,,,,,,,,,,,,,,,,,,,,,,,,9105304.794636209 
 06/11,,,,,,,,,,,,,,,,,,,,,,,,,,,,,,,,,,,,,,,,,,,,,,,,,,,,,,,,,,,,,,,,,,,,,,,,,,,,,,,9105304.794636209 
 06/12,,,,,,,,,,,,,,,,,,,,,,,,,,,,,,,,,,,,,,,,,,,,,,,,,,,,,,,,,,,,,,,,,,,,,,,,,,,,,,,9105304.794636209 
 06/13,,,,,,,,,,,,,,,,,,,,,,,,,,,,,,,,,,,,,,,,,,,,,,,,,,,,,,,,,,,,,,,,,,,,,,,,,,,,,,,9105304.794636209 
 06/14,,,,,,,,,,,,,,,,,,,,,,,,,,,,,,,,,,,,,,,,,,,,,,,,,,,,,,,,,,,,,,,,,,,,,,,,,,,,,,,9105304.794636209 
 06/15,,,,,,,,,,,,,,,,,,,,,,,,,,,,,,,,,,,,,,,,,,,,,,,,,,,,,,,,,,,,,,,,,,,,,,,,,,,,,,,1414833.2945320872 
 06/16,,,,,,,,,,,,,,,,,,,,,,,,,,,,,,,,,,,,,,,,,,,,,,,,,,,,,,,,,,,,,,,,,,,,,,,,,,,,,,,1414833.2945320872 
 06/17,,,,,,,,,,,,,,,,,,,,,,,,,,,,,,,,,,,,,,,,,,,,,,,,,,,,,,,,,,,,,,,,,,,,,,,,,,,,,,,9105304.794636209 
 06/18,,,,,,,,,,,,,,,,,,,,,,,,,,,,,,,,,,,,,,,,,,,,,,,,,,,,,,,,,,,,,,,,,,,,,,,,,,,,,,,9105304.794636209 
 06/19,,,,,,,,,,,,,,,,,,,,,,,,,,,,,,,,,,,,,,,,,,,,,,,,,,,,,,,,,,,,,,,,,,,,,,,,,,,,,,,9105304.794636209 
 06/20,,,,,,,,,,,,,,,,,,,,,,,,,,,,,,,,,,,,,,,,,,,,,,,,,,,,,,,,,,,,,,,,,,,,,,,,,,,,,,,9105304.794636209 
 06/21,,,,,,,,,,,,,,,,,,,,,,,,,,,,,,,,,,,,,,,,,,,,,,,,,,,,,,,,,,,,,,,,,,,,,,,,,,,,,,,9105304.794636209 
 06/22,,,,,,,,,,,,,,,,,,,,,,,,,,,,,,,,,,,,,,,,,,,,,,,,,,,,,,,,,,,,,,,,,,,,,,,,,,,,,,,1414833.2945320872 
 06/23,,,,,,,,,,,,,,,,,,,,,,,,,,,,,,,,,,,,,,,,,,,,,,,,,,,,,,,,,,,,,,,,,,,,,,,,,,,,,,,1414833.2945320872 
 06/24,,,,,,,,,,,,,,,,,,,,,,,,,,,,,,,,,,,,,,,,,,,,,,,,,,,,,,,,,,,,,,,,,,,,,,,,,,,,,,,9105304.794636209 
 06/25,,,,,,,,,,,,,,,,,,,,,,,,,,,,,,,,,,,,,,,,,,,,,,,,,,,,,,,,,,,,,,,,,,,,,,,,,,,,,,,9105304.794636209 
 06/26,,,,,,,,,,,,,,,,,,,,,,,,,,,,,,,,,,,,,,,,,,,,,,,,,,,,,,,,,,,,,,,,,,,,,,,,,,,,,,,9105304.794636209 
 06/27,,,,,,,,,,,,,,,,,,,,,,,,,,,,,,,,,,,,,,,,,,,,,,,,,,,,,,,,,,,,,,,,,,,,,,,,,,,,,,,9105304.794636209 
 06/28,,,,,,,,,,,,,,,,,,,,,,,,,,,,,,,,,,,,,,,,,,,,,,,,,,,,,,,,,,,,,,,,,,,,,,,,,,,,,,,9105304.794636209 
 06/29,,,,,,,,,,,,,,,,,,,,,,,,,,,,,,,,,,,,,,,,,,,,,,,,,,,,,,,,,,,,,,,,,,,,,,,,,,,,,,,1414833.2945320872 
 06/30,16.095439814814807,74.13321759259259,90.59039351851854,21.658636210373224,573.8913240950395,1487526312.0543423,141.29764947561623,147.6807706206651,230.57460709937826,141.2967651113741,288.30284527215724,64.0827361596336,224.2201091125239,303.6962906853508,39.649002095928445,437.62305308989403,787180785.4564296,102770213.43264651,147.680770615912,285.5884788228822,63.474666354574545,222.11381246830754,304.9269803497806,41.13522147266024,486.6541478367318,790370733.0666308,106622494.05713539,21.73702221262558,21.736296968104696,-0.04050147943244287,21.737031117188554,21.736305874163126,-0.04083891606853131,21.75405678209298,21.724228412163896,-5.242296287720102,21.771388493199435,22.372214195481874,-1.5927628379501133,21.438212432892257,16.843159822970385,-409.4929527866251,21.83244585263133,22.305711442446984,10.85935409346146,21.31085141509446,17.60832693647741,0.18796296296296303,8.458333333333334,21.349062548913196,17.92417511665945,0.2016203703703703,9.072916666666666,21.41294208448525,22.419355363577203,125.89357061186553,0.0,0.0,-146.49267909996905,2.0434341664029576,0.0,0.0,0.0,0.0,0.0,0.0,0.0,0.0,0.0,0.0,1892277.4077112775,381601301.63483113,0.7300452961849064,147.22272439615398,1726510808.9264462,0.0,1892277.4077112775,381601301.6348316,1414833.2945320872 
 07/01,,,,,,,,,,,,,,,,,,,,,,,,,,,,,,,,,,,,,,,,,,,,,,,,,,,,,,,,,,,,,,,,,,,,,,,,,,,,,,,9105304.794636209 
 07/02,,,,,,,,,,,,,,,,,,,,,,,,,,,,,,,,,,,,,,,,,,,,,,,,,,,,,,,,,,,,,,,,,,,,,,,,,,,,,,,9105304.794636209 
 07/03,,,,,,,,,,,,,,,,,,,,,,,,,,,,,,,,,,,,,,,,,,,,,,,,,,,,,,,,,,,,,,,,,,,,,,,,,,,,,,,9105304.794636209 
 07/04,,,,,,,,,,,,,,,,,,,,,,,,,,,,,,,,,,,,,,,,,,,,,,,,,,,,,,,,,,,,,,,,,,,,,,,,,,,,,,,9105304.794636209 
 07/05,,,,,,,,,,,,,,,,,,,,,,,,,,,,,,,,,,,,,,,,,,,,,,,,,,,,,,,,,,,,,,,,,,,,,,,,,,,,,,,9105304.794636209 
 07/06,,,,,,,,,,,,,,,,,,,,,,,,,,,,,,,,,,,,,,,,,,,,,,,,,,,,,,,,,,,,,,,,,,,,,,,,,,,,,,,1414833.2945320872 
 07/07,,,,,,,,,,,,,,,,,,,,,,,,,,,,,,,,,,,,,,,,,,,,,,,,,,,,,,,,,,,,,,,,,,,,,,,,,,,,,,,1414833.2945320872 
 07/08,,,,,,,,,,,,,,,,,,,,,,,,,,,,,,,,,,,,,,,,,,,,,,,,,,,,,,,,,,,,,,,,,,,,,,,,,,,,,,,9105304.794636209 
 07/09,,,,,,,,,,,,,,,,,,,,,,,,,,,,,,,,,,,,,,,,,,,,,,,,,,,,,,,,,,,,,,,,,,,,,,,,,,,,,,,9105304.794636209 
 07/10,,,,,,,,,,,,,,,,,,,,,,,,,,,,,,,,,,,,,,,,,,,,,,,,,,,,,,,,,,,,,,,,,,,,,,,,,,,,,,,9105304.794636209 
 07/11,,,,,,,,,,,,,,,,,,,,,,,,,,,,,,,,,,,,,,,,,,,,,,,,,,,,,,,,,,,,,,,,,,,,,,,,,,,,,,,9105304.794636209 
 07/12,,,,,,,,,,,,,,,,,,,,,,,,,,,,,,,,,,,,,,,,,,,,,,,,,,,,,,,,,,,,,,,,,,,,,,,,,,,,,,,9105304.794636209 
 07/13,,,,,,,,,,,,,,,,,,,,,,,,,,,,,,,,,,,,,,,,,,,,,,,,,,,,,,,,,,,,,,,,,,,,,,,,,,,,,,,1414833.2945320872 
 07/14,,,,,,,,,,,,,,,,,,,,,,,,,,,,,,,,,,,,,,,,,,,,,,,,,,,,,,,,,,,,,,,,,,,,,,,,,,,,,,,1414833.2945320872 
 07/15,,,,,,,,,,,,,,,,,,,,,,,,,,,,,,,,,,,,,,,,,,,,,,,,,,,,,,,,,,,,,,,,,,,,,,,,,,,,,,,9105304.794636209 
 07/16,,,,,,,,,,,,,,,,,,,,,,,,,,,,,,,,,,,,,,,,,,,,,,,,,,,,,,,,,,,,,,,,,,,,,,,,,,,,,,,9105304.794636209 
 07/17,,,,,,,,,,,,,,,,,,,,,,,,,,,,,,,,,,,,,,,,,,,,,,,,,,,,,,,,,,,,,,,,,,,,,,,,,,,,,,,9105304.794636209 
 07/18,,,,,,,,,,,,,,,,,,,,,,,,,,,,,,,,,,,,,,,,,,,,,,,,,,,,,,,,,,,,,,,,,,,,,,,,,,,,,,,9105304.794636209 
 07/19,,,,,,,,,,,,,,,,,,,,,,,,,,,,,,,,,,,,,,,,,,,,,,,,,,,,,,,,,,,,,,,,,,,,,,,,,,,,,,,9105304.794636209 
 07/20,,,,,,,,,,,,,,,,,,,,,,,,,,,,,,,,,,,,,,,,,,,,,,,,,,,,,,,,,,,,,,,,,,,,,,,,,,,,,,,1414833.2945320872 
 07/21,,,,,,,,,,,,,,,,,,,,,,,,,,,,,,,,,,,,,,,,,,,,,,,,,,,,,,,,,,,,,,,,,,,,,,,,,,,,,,,1414833.2945320872 
 07/22,,,,,,,,,,,,,,,,,,,,,,,,,,,,,,,,,,,,,,,,,,,,,,,,,,,,,,,,,,,,,,,,,,,,,,,,,,,,,,,9105304.794636209 
 07/23,,,,,,,,,,,,,,,,,,,,,,,,,,,,,,,,,,,,,,,,,,,,,,,,,,,,,,,,,,,,,,,,,,,,,,,,,,,,,,,9105304.794636209 
 07/24,,,,,,,,,,,,,,,,,,,,,,,,,,,,,,,,,,,,,,,,,,,,,,,,,,,,,,,,,,,,,,,,,,,,,,,,,,,,,,,9105304.794636209 
 07/25,,,,,,,,,,,,,,,,,,,,,,,,,,,,,,,,,,,,,,,,,,,,,,,,,,,,,,,,,,,,,,,,,,,,,,,,,,,,,,,9105304.794636209 
 07/26,,,,,,,,,,,,,,,,,,,,,,,,,,,,,,,,,,,,,,,,,,,,,,,,,,,,,,,,,,,,,,,,,,,,,,,,,,,,,,,9105304.794636209 
 07/27,,,,,,,,,,,,,,,,,,,,,,,,,,,,,,,,,,,,,,,,,,,,,,,,,,,,,,,,,,,,,,,,,,,,,,,,,,,,,,,1414833.2945320872 
 07/28,,,,,,,,,,,,,,,,,,,,,,,,,,,,,,,,,,,,,,,,,,,,,,,,,,,,,,,,,,,,,,,,,,,,,,,,,,,,,,,1414833.2945320872 
 07/29,,,,,,,,,,,,,,,,,,,,,,,,,,,,,,,,,,,,,,,,,,,,,,,,,,,,,,,,,,,,,,,,,,,,,,,,,,,,,,,9105304.794636209 
 07/30,,,,,,,,,,,,,,,,,,,,,,,,,,,,,,,,,,,,,,,,,,,,,,,,,,,,,,,,,,,,,,,,,,,,,,,,,,,,,,,9105304.794636209 
 07/31,17.881283602150543,82.49059139784946,83.06824970131424,22.67885308557633,561.7956646159253,1504713508.1072967,142.8972787280328,145.0276844246928,219.27457554106465,142.89637218248487,279.53860032414696,70.33303571916771,209.20556460497934,302.3283596673862,34.34276162998697,462.63768248182083,809756278.5331262,91983652.74975704,145.02768441999848,282.2570642917791,69.65631826332904,212.6007460284497,309.2673723500532,35.835370542086316,476.0782020486545,828341730.1023821,95981456.45992412,22.7250502869868,22.724895962257392,-0.008618306895487697,22.725075321543017,22.724920995010795,-0.008690229448163918,22.748467297744302,23.14982121314325,-3.6892361078737577,22.75962560612208,23.666842253088216,-1.075657584738707,22.492895322286845,18.547363636587797,-351.6102115569656,22.83331130561306,23.493342591882353,15.144801575692673,22.447241604248966,19.36233089464742,0.19668458781362008,8.850806451612904,22.485928475104373,19.575833235774592,0.19534050179211468,8.790322580645162,22.296579441479217,24.66357587108399,205.90551237743122,0.0,0.0,-228.92373200096867,1.5366065114541456,0.0,0.0,0.0,0.0,0.0,0.0,0.0,0.0,0.0,0.0,0.0,613149323.7913946,0.0,228.92373200096867,1784065168.9321108,0.0,0.0,613149323.7913938,9105304.794636209 
 08/01,,,,,,,,,,,,,,,,,,,,,,,,,,,,,,,,,,,,,,,,,,,,,,,,,,,,,,,,,,,,,,,,,,,,,,,,,,,,,,,9105304.794636209 
 08/02,,,,,,,,,,,,,,,,,,,,,,,,,,,,,,,,,,,,,,,,,,,,,,,,,,,,,,,,,,,,,,,,,,,,,,,,,,,,,,,9105304.794636209 
 08/03,,,,,,,,,,,,,,,,,,,,,,,,,,,,,,,,,,,,,,,,,,,,,,,,,,,,,,,,,,,,,,,,,,,,,,,,,,,,,,,1414833.2945320872 
 08/04,,,,,,,,,,,,,,,,,,,,,,,,,,,,,,,,,,,,,,,,,,,,,,,,,,,,,,,,,,,,,,,,,,,,,,,,,,,,,,,1414833.2945320872 
 08/05,,,,,,,,,,,,,,,,,,,,,,,,,,,,,,,,,,,,,,,,,,,,,,,,,,,,,,,,,,,,,,,,,,,,,,,,,,,,,,,9105304.794636209 
 08/06,,,,,,,,,,,,,,,,,,,,,,,,,,,,,,,,,,,,,,,,,,,,,,,,,,,,,,,,,,,,,,,,,,,,,,,,,,,,,,,9105304.794636209 
 08/07,,,,,,,,,,,,,,,,,,,,,,,,,,,,,,,,,,,,,,,,,,,,,,,,,,,,,,,,,,,,,,,,,,,,,,,,,,,,,,,9105304.794636209 
 08/08,,,,,,,,,,,,,,,,,,,,,,,,,,,,,,,,,,,,,,,,,,,,,,,,,,,,,,,,,,,,,,,,,,,,,,,,,,,,,,,9105304.794636209 
 08/09,,,,,,,,,,,,,,,,,,,,,,,,,,,,,,,,,,,,,,,,,,,,,,,,,,,,,,,,,,,,,,,,,,,,,,,,,,,,,,,9105304.794636209 
 08/10,,,,,,,,,,,,,,,,,,,,,,,,,,,,,,,,,,,,,,,,,,,,,,,,,,,,,,,,,,,,,,,,,,,,,,,,,,,,,,,1414833.2945320872 
 08/11,,,,,,,,,,,,,,,,,,,,,,,,,,,,,,,,,,,,,,,,,,,,,,,,,,,,,,,,,,,,,,,,,,,,,,,,,,,,,,,1414833.2945320872 
 08/12,,,,,,,,,,,,,,,,,,,,,,,,,,,,,,,,,,,,,,,,,,,,,,,,,,,,,,,,,,,,,,,,,,,,,,,,,,,,,,,9105304.794636209 
 08/13,,,,,,,,,,,,,,,,,,,,,,,,,,,,,,,,,,,,,,,,,,,,,,,,,,,,,,,,,,,,,,,,,,,,,,,,,,,,,,,9105304.794636209 
 08/14,,,,,,,,,,,,,,,,,,,,,,,,,,,,,,,,,,,,,,,,,,,,,,,,,,,,,,,,,,,,,,,,,,,,,,,,,,,,,,,9105304.794636209 
 08/15,,,,,,,,,,,,,,,,,,,,,,,,,,,,,,,,,,,,,,,,,,,,,,,,,,,,,,,,,,,,,,,,,,,,,,,,,,,,,,,9105304.794636209 
 08/16,,,,,,,,,,,,,,,,,,,,,,,,,,,,,,,,,,,,,,,,,,,,,,,,,,,,,,,,,,,,,,,,,,,,,,,,,,,,,,,9105304.794636209 
 08/17,,,,,,,,,,,,,,,,,,,,,,,,,,,,,,,,,,,,,,,,,,,,,,,,,,,,,,,,,,,,,,,,,,,,,,,,,,,,,,,1414833.2945320872 
 08/18,,,,,,,,,,,,,,,,,,,,,,,,,,,,,,,,,,,,,,,,,,,,,,,,,,,,,,,,,,,,,,,,,,,,,,,,,,,,,,,1414833.2945320872 
 08/19,,,,,,,,,,,,,,,,,,,,,,,,,,,,,,,,,,,,,,,,,,,,,,,,,,,,,,,,,,,,,,,,,,,,,,,,,,,,,,,9105304.794636209 
 08/20,,,,,,,,,,,,,,,,,,,,,,,,,,,,,,,,,,,,,,,,,,,,,,,,,,,,,,,,,,,,,,,,,,,,,,,,,,,,,,,9105304.794636209 
 08/21,,,,,,,,,,,,,,,,,,,,,,,,,,,,,,,,,,,,,,,,,,,,,,,,,,,,,,,,,,,,,,,,,,,,,,,,,,,,,,,9105304.794636209 
 08/22,,,,,,,,,,,,,,,,,,,,,,,,,,,,,,,,,,,,,,,,,,,,,,,,,,,,,,,,,,,,,,,,,,,,,,,,,,,,,,,9105304.794636209 
 08/23,,,,,,,,,,,,,,,,,,,,,,,,,,,,,,,,,,,,,,,,,,,,,,,,,,,,,,,,,,,,,,,,,,,,,,,,,,,,,,,9105304.794636209 
 08/24,,,,,,,,,,,,,,,,,,,,,,,,,,,,,,,,,,,,,,,,,,,,,,,,,,,,,,,,,,,,,,,,,,,,,,,,,,,,,,,1414833.2945320872 
 08/25,,,,,,,,,,,,,,,,,,,,,,,,,,,,,,,,,,,,,,,,,,,,,,,,,,,,,,,,,,,,,,,,,,,,,,,,,,,,,,,1414833.2945320872 
 08/26,,,,,,,,,,,,,,,,,,,,,,,,,,,,,,,,,,,,,,,,,,,,,,,,,,,,,,,,,,,,,,,,,,,,,,,,,,,,,,,9105304.794636209 
 08/27,,,,,,,,,,,,,,,,,,,,,,,,,,,,,,,,,,,,,,,,,,,,,,,,,,,,,,,,,,,,,,,,,,,,,,,,,,,,,,,9105304.794636209 
 08/28,,,,,,,,,,,,,,,,,,,,,,,,,,,,,,,,,,,,,,,,,,,,,,,,,,,,,,,,,,,,,,,,,,,,,,,,,,,,,,,9105304.794636209 
 08/29,,,,,,,,,,,,,,,,,,,,,,,,,,,,,,,,,,,,,,,,,,,,,,,,,,,,,,,,,,,,,,,,,,,,,,,,,,,,,,,9105304.794636209 
 08/30,,,,,,,,,,,,,,,,,,,,,,,,,,,,,,,,,,,,,,,,,,,,,,,,,,,,,,,,,,,,,,,,,,,,,,,,,,,,,,,9105304.794636209 
 08/31,17.444870071684587,83.06518817204307,68.24895459976108,22.373401278748272,497.77002750717475,1333227241.6752179,135.16133856271978,142.63097404910718,178.0806694769998,135.16045466964752,249.3813868881863,73.48426998367324,175.89711690451307,268.1766932300813,40.855698615643156,466.38488326673877,718284455.1474503,109427903.17213865,142.6309740443445,248.388640618989,76.90820282940544,171.48043778958368,272.98593643763684,43.48784816413488,524.3217926453469,731165532.1545653,116477852.5228188,22.424490879799215,22.42483601631271,0.019274243374287695,22.424503014261145,22.42484814757436,0.01943468591486901,22.4992207451442,22.381502692787112,6.9019771291432654,22.516638101747986,23.146888648233055,10.587932531775078,22.230409053904285,18.831673821476247,-302.8818697443603,22.471177074322817,21.124207039849622,-30.907010508251485,22.044245956959973,18.869571794973357,0.19130824372759866,8.608870967741936,22.085920002014767,19.256372907637996,0.2125896057347671,9.566532258064516,22.087467753903297,23.701767082152504,147.6385614962855,0.0,0.0,-166.88089786011315,3.5026341978544178,0.0,0.0,0.0,0.0,0.0,0.0,0.0,0.0,0.0,0.0,0.0,446973796.8285269,0.0,166.88089786011315,1784066744.4535859,0.0,0.0,446973796.82852674,1414833.2945320872 
 09/01,,,,,,,,,,,,,,,,,,,,,,,,,,,,,,,,,,,,,,,,,,,,,,,,,,,,,,,,,,,,,,,,,,,,,,,,,,,,,,,1414833.2945320872 
 09/02,,,,,,,,,,,,,,,,,,,,,,,,,,,,,,,,,,,,,,,,,,,,,,,,,,,,,,,,,,,,,,,,,,,,,,,,,,,,,,,9105304.794636209 
 09/03,,,,,,,,,,,,,,,,,,,,,,,,,,,,,,,,,,,,,,,,,,,,,,,,,,,,,,,,,,,,,,,,,,,,,,,,,,,,,,,9105304.794636209 
 09/04,,,,,,,,,,,,,,,,,,,,,,,,,,,,,,,,,,,,,,,,,,,,,,,,,,,,,,,,,,,,,,,,,,,,,,,,,,,,,,,9105304.794636209 
 09/05,,,,,,,,,,,,,,,,,,,,,,,,,,,,,,,,,,,,,,,,,,,,,,,,,,,,,,,,,,,,,,,,,,,,,,,,,,,,,,,9105304.794636209 
 09/06,,,,,,,,,,,,,,,,,,,,,,,,,,,,,,,,,,,,,,,,,,,,,,,,,,,,,,,,,,,,,,,,,,,,,,,,,,,,,,,9105304.794636209 
 09/07,,,,,,,,,,,,,,,,,,,,,,,,,,,,,,,,,,,,,,,,,,,,,,,,,,,,,,,,,,,,,,,,,,,,,,,,,,,,,,,1414833.2945320872 
 09/08,,,,,,,,,,,,,,,,,,,,,,,,,,,,,,,,,,,,,,,,,,,,,,,,,,,,,,,,,,,,,,,,,,,,,,,,,,,,,,,1414833.2945320872 
 09/09,,,,,,,,,,,,,,,,,,,,,,,,,,,,,,,,,,,,,,,,,,,,,,,,,,,,,,,,,,,,,,,,,,,,,,,,,,,,,,,9105304.794636209 
 09/10,,,,,,,,,,,,,,,,,,,,,,,,,,,,,,,,,,,,,,,,,,,,,,,,,,,,,,,,,,,,,,,,,,,,,,,,,,,,,,,9105304.794636209 
 09/11,,,,,,,,,,,,,,,,,,,,,,,,,,,,,,,,,,,,,,,,,,,,,,,,,,,,,,,,,,,,,,,,,,,,,,,,,,,,,,,9105304.794636209 
 09/12,,,,,,,,,,,,,,,,,,,,,,,,,,,,,,,,,,,,,,,,,,,,,,,,,,,,,,,,,,,,,,,,,,,,,,,,,,,,,,,9105304.794636209 
 09/13,,,,,,,,,,,,,,,,,,,,,,,,,,,,,,,,,,,,,,,,,,,,,,,,,,,,,,,,,,,,,,,,,,,,,,,,,,,,,,,9105304.794636209 
 09/14,,,,,,,,,,,,,,,,,,,,,,,,,,,,,,,,,,,,,,,,,,,,,,,,,,,,,,,,,,,,,,,,,,,,,,,,,,,,,,,1414833.2945320872 
 09/15,,,,,,,,,,,,,,,,,,,,,,,,,,,,,,,,,,,,,,,,,,,,,,,,,,,,,,,,,,,,,,,,,,,,,,,,,,,,,,,1414833.2945320872 
 09/16,,,,,,,,,,,,,,,,,,,,,,,,,,,,,,,,,,,,,,,,,,,,,,,,,,,,,,,,,,,,,,,,,,,,,,,,,,,,,,,9105304.794636209 
 09/17,,,,,,,,,,,,,,,,,,,,,,,,,,,,,,,,,,,,,,,,,,,,,,,,,,,,,,,,,,,,,,,,,,,,,,,,,,,,,,,9105304.794636209 
 09/18,,,,,,,,,,,,,,,,,,,,,,,,,,,,,,,,,,,,,,,,,,,,,,,,,,,,,,,,,,,,,,,,,,,,,,,,,,,,,,,9105304.794636209 
 09/19,,,,,,,,,,,,,,,,,,,,,,,,,,,,,,,,,,,,,,,,,,,,,,,,,,,,,,,,,,,,,,,,,,,,,,,,,,,,,,,9105304.794636209 
 09/20,,,,,,,,,,,,,,,,,,,,,,,,,,,,,,,,,,,,,,,,,,,,,,,,,,,,,,,,,,,,,,,,,,,,,,,,,,,,,,,9105304.794636209 
 09/21,,,,,,,,,,,,,,,,,,,,,,,,,,,,,,,,,,,,,,,,,,,,,,,,,,,,,,,,,,,,,,,,,,,,,,,,,,,,,,,1414833.2945320872 
 09/22,,,,,,,,,,,,,,,,,,,,,,,,,,,,,,,,,,,,,,,,,,,,,,,,,,,,,,,,,,,,,,,,,,,,,,,,,,,,,,,1414833.2945320872 
 09/23,,,,,,,,,,,,,,,,,,,,,,,,,,,,,,,,,,,,,,,,,,,,,,,,,,,,,,,,,,,,,,,,,,,,,,,,,,,,,,,9105304.794636209 
 09/24,,,,,,,,,,,,,,,,,,,,,,,,,,,,,,,,,,,,,,,,,,,,,,,,,,,,,,,,,,,,,,,,,,,,,,,,,,,,,,,9105304.794636209 
 09/25,,,,,,,,,,,,,,,,,,,,,,,,,,,,,,,,,,,,,,,,,,,,,,,,,,,,,,,,,,,,,,,,,,,,,,,,,,,,,,,9105304.794636209 
 09/26,,,,,,,,,,,,,,,,,,,,,,,,,,,,,,,,,,,,,,,,,,,,,,,,,,,,,,,,,,,,,,,,,,,,,,,,,,,,,,,9105304.794636209 
 09/27,,,,,,,,,,,,,,,,,,,,,,,,,,,,,,,,,,,,,,,,,,,,,,,,,,,,,,,,,,,,,,,,,,,,,,,,,,,,,,,9105304.794636209 
 09/28,,,,,,,,,,,,,,,,,,,,,,,,,,,,,,,,,,,,,,,,,,,,,,,,,,,,,,,,,,,,,,,,,,,,,,,,,,,,,,,1414833.2945320872 
 09/29,,,,,,,,,,,,,,,,,,,,,,,,,,,,,,,,,,,,,,,,,,,,,,,,,,,,,,,,,,,,,,,,,,,,,,,,,,,,,,,1414833.2945320872 
 09/30,14.882326388888892,83.07060185185196,55.78047839506175,19.620336360236983,453.26201470066275,1174855142.1041172,114.39461377844144,132.03640911361467,127.19461755243034,114.39384204903055,225.29698356861758,78.63208067319684,146.66490289542068,240.28066326315985,44.28846516771288,379.8244109759256,622807479.178111,114795701.7147118,132.036409109064,227.96503113204483,83.46418478068593,144.5008463513589,250.47004714472465,46.91670655989927,497.8596440342976,649218362.1991261,121608103.40325885,19.708891420438725,19.709574291109373,0.038135100131595205,19.708872298103735,19.709555167891164,0.038452850914669726,19.780644370351975,19.309945046311743,6.026694600618119,19.803231913173445,20.145633830524808,10.9480335953466,19.461320018669298,15.627443239869027,-341.6599669351131,19.691375321838088,16.655727572184542,-69.65470240367127,19.262594543010174,16.01248842708903,0.1590277777777778,7.15625,19.323642680973904,16.463612619950705,0.1895833333333334,8.53125,19.601884161323934,23.413224445473073,15.512981137888293,0.0,0.0,-29.16774815673778,9.021950582308204,0.0,0.0,0.0,0.0,0.0,0.0,0.0,0.0,0.0,0.0,35607089.220486194,111209892.44275054,13.73730294000239,42.90505109674017,1726504623.8948624,0.0,35607089.220486194,111209892.44275054,9105304.794636209 
 10/01,,,,,,,,,,,,,,,,,,,,,,,,,,,,,,,,,,,,,,,,,,,,,,,,,,,,,,,,,,,,,,,,,,,,,,,,,,,,,,,9105304.794636209 
 10/02,,,,,,,,,,,,,,,,,,,,,,,,,,,,,,,,,,,,,,,,,,,,,,,,,,,,,,,,,,,,,,,,,,,,,,,,,,,,,,,9105304.794636209 
 10/03,,,,,,,,,,,,,,,,,,,,,,,,,,,,,,,,,,,,,,,,,,,,,,,,,,,,,,,,,,,,,,,,,,,,,,,,,,,,,,,9105304.794636209 
 10/04,,,,,,,,,,,,,,,,,,,,,,,,,,,,,,,,,,,,,,,,,,,,,,,,,,,,,,,,,,,,,,,,,,,,,,,,,,,,,,,9105304.794636209 
 10/05,,,,,,,,,,,,,,,,,,,,,,,,,,,,,,,,,,,,,,,,,,,,,,,,,,,,,,,,,,,,,,,,,,,,,,,,,,,,,,,1414833.2945320872 
 10/06,,,,,,,,,,,,,,,,,,,,,,,,,,,,,,,,,,,,,,,,,,,,,,,,,,,,,,,,,,,,,,,,,,,,,,,,,,,,,,,1414833.2945320872 
 10/07,,,,,,,,,,,,,,,,,,,,,,,,,,,,,,,,,,,,,,,,,,,,,,,,,,,,,,,,,,,,,,,,,,,,,,,,,,,,,,,9105304.794636209 
 10/08,,,,,,,,,,,,,,,,,,,,,,,,,,,,,,,,,,,,,,,,,,,,,,,,,,,,,,,,,,,,,,,,,,,,,,,,,,,,,,,9105304.794636209 
 10/09,,,,,,,,,,,,,,,,,,,,,,,,,,,,,,,,,,,,,,,,,,,,,,,,,,,,,,,,,,,,,,,,,,,,,,,,,,,,,,,9105304.794636209 
 10/10,,,,,,,,,,,,,,,,,,,,,,,,,,,,,,,,,,,,,,,,,,,,,,,,,,,,,,,,,,,,,,,,,,,,,,,,,,,,,,,9105304.794636209 
 10/11,,,,,,,,,,,,,,,,,,,,,,,,,,,,,,,,,,,,,,,,,,,,,,,,,,,,,,,,,,,,,,,,,,,,,,,,,,,,,,,9105304.794636209 
 10/12,,,,,,,,,,,,,,,,,,,,,,,,,,,,,,,,,,,,,,,,,,,,,,,,,,,,,,,,,,,,,,,,,,,,,,,,,,,,,,,1414833.2945320872 
 10/13,,,,,,,,,,,,,,,,,,,,,,,,,,,,,,,,,,,,,,,,,,,,,,,,,,,,,,,,,,,,,,,,,,,,,,,,,,,,,,,1414833.2945320872 
 10/14,,,,,,,,,,,,,,,,,,,,,,,,,,,,,,,,,,,,,,,,,,,,,,,,,,,,,,,,,,,,,,,,,,,,,,,,,,,,,,,9105304.794636209 
 10/15,,,,,,,,,,,,,,,,,,,,,,,,,,,,,,,,,,,,,,,,,,,,,,,,,,,,,,,,,,,,,,,,,,,,,,,,,,,,,,,9105304.794636209 
 10/16,,,,,,,,,,,,,,,,,,,,,,,,,,,,,,,,,,,,,,,,,,,,,,,,,,,,,,,,,,,,,,,,,,,,,,,,,,,,,,,9105304.794636209 
 10/17,,,,,,,,,,,,,,,,,,,,,,,,,,,,,,,,,,,,,,,,,,,,,,,,,,,,,,,,,,,,,,,,,,,,,,,,,,,,,,,9105304.794636209 
 10/18,,,,,,,,,,,,,,,,,,,,,,,,,,,,,,,,,,,,,,,,,,,,,,,,,,,,,,,,,,,,,,,,,,,,,,,,,,,,,,,9105304.794636209 
 10/19,,,,,,,,,,,,,,,,,,,,,,,,,,,,,,,,,,,,,,,,,,,,,,,,,,,,,,,,,,,,,,,,,,,,,,,,,,,,,,,1414833.2945320872 
 10/20,,,,,,,,,,,,,,,,,,,,,,,,,,,,,,,,,,,,,,,,,,,,,,,,,,,,,,,,,,,,,,,,,,,,,,,,,,,,,,,1414833.2945320872 
 10/21,,,,,,,,,,,,,,,,,,,,,,,,,,,,,,,,,,,,,,,,,,,,,,,,,,,,,,,,,,,,,,,,,,,,,,,,,,,,,,,9105304.794636209 
 10/22,,,,,,,,,,,,,,,,,,,,,,,,,,,,,,,,,,,,,,,,,,,,,,,,,,,,,,,,,,,,,,,,,,,,,,,,,,,,,,,9105304.794636209 
 10/23,,,,,,,,,,,,,,,,,,,,,,,,,,,,,,,,,,,,,,,,,,,,,,,,,,,,,,,,,,,,,,,,,,,,,,,,,,,,,,,9105304.794636209 
 10/24,,,,,,,,,,,,,,,,,,,,,,,,,,,,,,,,,,,,,,,,,,,,,,,,,,,,,,,,,,,,,,,,,,,,,,,,,,,,,,,9105304.794636209 
 10/25,,,,,,,,,,,,,,,,,,,,,,,,,,,,,,,,,,,,,,,,,,,,,,,,,,,,,,,,,,,,,,,,,,,,,,,,,,,,,,,9105304.794636209 
 10/26,,,,,,,,,,,,,,,,,,,,,,,,,,,,,,,,,,,,,,,,,,,,,,,,,,,,,,,,,,,,,,,,,,,,,,,,,,,,,,,1414833.2945320872 
 10/27,,,,,,,,,,,,,,,,,,,,,,,,,,,,,,,,,,,,,,,,,,,,,,,,,,,,,,,,,,,,,,,,,,,,,,,,,,,,,,,1414833.2945320872 
 10/28,,,,,,,,,,,,,,,,,,,,,,,,,,,,,,,,,,,,,,,,,,,,,,,,,,,,,,,,,,,,,,,,,,,,,,,,,,,,,,,9105304.794636209 
 10/29,,,,,,,,,,,,,,,,,,,,,,,,,,,,,,,,,,,,,,,,,,,,,,,,,,,,,,,,,,,,,,,,,,,,,,,,,,,,,,,9105304.794636209 
 10/30,,,,,,,,,,,,,,,,,,,,,,,,,,,,,,,,,,,,,,,,,,,,,,,,,,,,,,,,,,,,,,,,,,,,,,,,,,,,,,,9105304.794636209 
 10/31,11.784083781361998,86.03886648745514,34.113500597371576,15.84297721069279,354.4141909390692,949262969.011202,81.34405448869255,93.31829970157612,69.18337700744033,81.34348631936835,173.82247825913507,73.42071985481701,100.40175840431809,178.0816906878073,40.48318253215372,253.2535587249877,476974000.3382229,108430156.09412026,93.3182996982802,180.59171267993372,79.84247653963116,100.74923614030274,192.0514823227942,43.544393378653616,329.9035025191999,514390690.25337195,116629303.22538576,15.976971476771702,15.977599971594104,0.035098465952239796,15.97691166637561,15.977540166103893,0.0353912368006274,16.04358759901324,14.455583230525203,0.7688592191240207,16.053358749578553,15.058170091625309,3.0004051246119126,15.643971662618988,11.341488986707407,-383.4202749861876,15.902603976575994,11.578223650589537,-99.22542057827899,15.490656011733252,12.3382692468076,0.10192652329749101,4.586693548387097,15.543621289726829,12.633131249902902,0.1283602150537634,5.776209677419355,16.192283776459146,24.66357587108399,-172.54779499312613,0.0,0.0,170.6838686143881,23.899542695431357,0.0,0.0,0.0,0.0,0.0,0.0,0.0,0.0,0.0,0.0,457159673.6967772,0.0,170.68386861438805,0.0,1784047352.131464,0.0,457159673.696777,0.0,9105304.794636209 
 11/01,,,,,,,,,,,,,,,,,,,,,,,,,,,,,,,,,,,,,,,,,,,,,,,,,,,,,,,,,,,,,,,,,,,,,,,,,,,,,,,9105304.794636209 
 11/02,,,,,,,,,,,,,,,,,,,,,,,,,,,,,,,,,,,,,,,,,,,,,,,,,,,,,,,,,,,,,,,,,,,,,,,,,,,,,,,1414833.2945320872 
 11/03,,,,,,,,,,,,,,,,,,,,,,,,,,,,,,,,,,,,,,,,,,,,,,,,,,,,,,,,,,,,,,,,,,,,,,,,,,,,,,,1414833.2945320872 
 11/04,,,,,,,,,,,,,,,,,,,,,,,,,,,,,,,,,,,,,,,,,,,,,,,,,,,,,,,,,,,,,,,,,,,,,,,,,,,,,,,9105304.794636209 
 11/05,,,,,,,,,,,,,,,,,,,,,,,,,,,,,,,,,,,,,,,,,,,,,,,,,,,,,,,,,,,,,,,,,,,,,,,,,,,,,,,9105304.794636209 
 11/06,,,,,,,,,,,,,,,,,,,,,,,,,,,,,,,,,,,,,,,,,,,,,,,,,,,,,,,,,,,,,,,,,,,,,,,,,,,,,,,9105304.794636209 
 11/07,,,,,,,,,,,,,,,,,,,,,,,,,,,,,,,,,,,,,,,,,,,,,,,,,,,,,,,,,,,,,,,,,,,,,,,,,,,,,,,9105304.794636209 
 11/08,,,,,,,,,,,,,,,,,,,,,,,,,,,,,,,,,,,,,,,,,,,,,,,,,,,,,,,,,,,,,,,,,,,,,,,,,,,,,,,9105304.794636209 
 11/09,,,,,,,,,,,,,,,,,,,,,,,,,,,,,,,,,,,,,,,,,,,,,,,,,,,,,,,,,,,,,,,,,,,,,,,,,,,,,,,1414833.2945320872 
 11/10,,,,,,,,,,,,,,,,,,,,,,,,,,,,,,,,,,,,,,,,,,,,,,,,,,,,,,,,,,,,,,,,,,,,,,,,,,,,,,,1414833.2945320872 
 11/11,,,,,,,,,,,,,,,,,,,,,,,,,,,,,,,,,,,,,,,,,,,,,,,,,,,,,,,,,,,,,,,,,,,,,,,,,,,,,,,9105304.794636209 
 11/12,,,,,,,,,,,,,,,,,,,,,,,,,,,,,,,,,,,,,,,,,,,,,,,,,,,,,,,,,,,,,,,,,,,,,,,,,,,,,,,9105304.794636209 
 11/13,,,,,,,,,,,,,,,,,,,,,,,,,,,,,,,,,,,,,,,,,,,,,,,,,,,,,,,,,,,,,,,,,,,,,,,,,,,,,,,9105304.794636209 
 11/14,,,,,,,,,,,,,,,,,,,,,,,,,,,,,,,,,,,,,,,,,,,,,,,,,,,,,,,,,,,,,,,,,,,,,,,,,,,,,,,9105304.794636209 
 11/15,,,,,,,,,,,,,,,,,,,,,,,,,,,,,,,,,,,,,,,,,,,,,,,,,,,,,,,,,,,,,,,,,,,,,,,,,,,,,,,9105304.794636209 
 11/16,,,,,,,,,,,,,,,,,,,,,,,,,,,,,,,,,,,,,,,,,,,,,,,,,,,,,,,,,,,,,,,,,,,,,,,,,,,,,,,1414833.2945320872 
 11/17,,,,,,,,,,,,,,,,,,,,,,,,,,,,,,,,,,,,,,,,,,,,,,,,,,,,,,,,,,,,,,,,,,,,,,,,,,,,,,,1414833.2945320872 
 11/18,,,,,,,,,,,,,,,,,,,,,,,,,,,,,,,,,,,,,,,,,,,,,,,,,,,,,,,,,,,,,,,,,,,,,,,,,,,,,,,9105304.794636209 
 11/19,,,,,,,,,,,,,,,,,,,,,,,,,,,,,,,,,,,,,,,,,,,,,,,,,,,,,,,,,,,,,,,,,,,,,,,,,,,,,,,9105304.794636209 
 11/20,,,,,,,,,,,,,,,,,,,,,,,,,,,,,,,,,,,,,,,,,,,,,,,,,,,,,,,,,,,,,,,,,,,,,,,,,,,,,,,9105304.794636209 
 11/21,,,,,,,,,,,,,,,,,,,,,,,,,,,,,,,,,,,,,,,,,,,,,,,,,,,,,,,,,,,,,,,,,,,,,,,,,,,,,,,9105304.794636209 
 11/22,,,,,,,,,,,,,,,,,,,,,,,,,,,,,,,,,,,,,,,,,,,,,,,,,,,,,,,,,,,,,,,,,,,,,,,,,,,,,,,9105304.794636209 
 11/23,,,,,,,,,,,,,,,,,,,,,,,,,,,,,,,,,,,,,,,,,,,,,,,,,,,,,,,,,,,,,,,,,,,,,,,,,,,,,,,1414833.2945320872 
 11/24,,,,,,,,,,,,,,,,,,,,,,,,,,,,,,,,,,,,,,,,,,,,,,,,,,,,,,,,,,,,,,,,,,,,,,,,,,,,,,,1414833.2945320872 
 11/25,,,,,,,,,,,,,,,,,,,,,,,,,,,,,,,,,,,,,,,,,,,,,,,,,,,,,,,,,,,,,,,,,,,,,,,,,,,,,,,9105304.794636209 
 11/26,,,,,,,,,,,,,,,,,,,,,,,,,,,,,,,,,,,,,,,,,,,,,,,,,,,,,,,,,,,,,,,,,,,,,,,,,,,,,,,9105304.794636209 
 11/27,,,,,,,,,,,,,,,,,,,,,,,,,,,,,,,,,,,,,,,,,,,,,,,,,,,,,,,,,,,,,,,,,,,,,,,,,,,,,,,9105304.794636209 
 11/28,,,,,,,,,,,,,,,,,,,,,,,,,,,,,,,,,,,,,,,,,,,,,,,,,,,,,,,,,,,,,,,,,,,,,,,,,,,,,,,9105304.794636209 
 11/29,,,,,,,,,,,,,,,,,,,,,,,,,,,,,,,,,,,,,,,,,,,,,,,,,,,,,,,,,,,,,,,,,,,,,,,,,,,,,,,9105304.794636209 
 11/30,6.818842592592588,89.35497685185183,21.16820987654321,13.609351753748228,286.4831223975938,742564253.2545623,54.01378463012672,66.57021206631636,36.80145968094989,54.0133973796951,143.01184721953678,69.99201066885202,73.01983655068479,126.67943864178712,76.70970804795218,128.17617548618605,328353104.9595126,198831563.26029193,66.57021206391563,143.47127517805703,71.88125468999552,71.59002048806143,133.33362812215313,79.88725841352264,218.43449822645795,345600764.0926208,207067773.8078508,13.797545856191997,13.797872939506947,0.018266057544926897,13.797451855879821,13.797778937498276,0.01841818300202095,13.813105351382385,8.58715312672434,-18.581655051812007,13.830466614459592,9.22947143112561,-15.01583810572727,13.53658178984761,10.282541300834959,-289.987245294174,13.622065505039995,5.516127067833883,-185.99546986652481,12.667473984614226,7.331928432859343,0.05787037037037038,2.6041666666666665,12.710457830543305,7.672883401422714,0.08935185185185185,4.020833333333333,14.254882423613846,23.41322444547306,-384.6644222583441,0.0,0.0,383.59520851676524,23.9215988421262,0.0,0.0,0.0,0.0,0.0,0.0,0.0,0.0,0.0,0.0,994278780.4754547,0.0,383.5952085167651,0.0,1726491793.4655063,0.0,994278780.4754553,0.0,1414833.2945320872 
 12/01,,,,,,,,,,,,,,,,,,,,,,,,,,,,,,,,,,,,,,,,,,,,,,,,,,,,,,,,,,,,,,,,,,,,,,,,,,,,,,,1414833.2945320872 
 12/02,,,,,,,,,,,,,,,,,,,,,,,,,,,,,,,,,,,,,,,,,,,,,,,,,,,,,,,,,,,,,,,,,,,,,,,,,,,,,,,9105304.794636209 
 12/03,,,,,,,,,,,,,,,,,,,,,,,,,,,,,,,,,,,,,,,,,,,,,,,,,,,,,,,,,,,,,,,,,,,,,,,,,,,,,,,9105304.794636209 
 12/04,,,,,,,,,,,,,,,,,,,,,,,,,,,,,,,,,,,,,,,,,,,,,,,,,,,,,,,,,,,,,,,,,,,,,,,,,,,,,,,9105304.794636209 
 12/05,,,,,,,,,,,,,,,,,,,,,,,,,,,,,,,,,,,,,,,,,,,,,,,,,,,,,,,,,,,,,,,,,,,,,,,,,,,,,,,9105304.794636209 
 12/06,,,,,,,,,,,,,,,,,,,,,,,,,,,,,,,,,,,,,,,,,,,,,,,,,,,,,,,,,,,,,,,,,,,,,,,,,,,,,,,9105304.794636209 
 12/07,,,,,,,,,,,,,,,,,,,,,,,,,,,,,,,,,,,,,,,,,,,,,,,,,,,,,,,,,,,,,,,,,,,,,,,,,,,,,,,1414833.2945320872 
 12/08,,,,,,,,,,,,,,,,,,,,,,,,,,,,,,,,,,,,,,,,,,,,,,,,,,,,,,,,,,,,,,,,,,,,,,,,,,,,,,,1414833.2945320872 
 12/09,,,,,,,,,,,,,,,,,,,,,,,,,,,,,,,,,,,,,,,,,,,,,,,,,,,,,,,,,,,,,,,,,,,,,,,,,,,,,,,9105304.794636209 
 12/10,,,,,,,,,,,,,,,,,,,,,,,,,,,,,,,,,,,,,,,,,,,,,,,,,,,,,,,,,,,,,,,,,,,,,,,,,,,,,,,9105304.794636209 
 12/11,,,,,,,,,,,,,,,,,,,,,,,,,,,,,,,,,,,,,,,,,,,,,,,,,,,,,,,,,,,,,,,,,,,,,,,,,,,,,,,9105304.794636209 
 12/12,,,,,,,,,,,,,,,,,,,,,,,,,,,,,,,,,,,,,,,,,,,,,,,,,,,,,,,,,,,,,,,,,,,,,,,,,,,,,,,9105304.794636209 
 12/13,,,,,,,,,,,,,,,,,,,,,,,,,,,,,,,,,,,,,,,,,,,,,,,,,,,,,,,,,,,,,,,,,,,,,,,,,,,,,,,9105304.794636209 
 12/14,,,,,,,,,,,,,,,,,,,,,,,,,,,,,,,,,,,,,,,,,,,,,,,,,,,,,,,,,,,,,,,,,,,,,,,,,,,,,,,1414833.2945320872 
 12/15,,,,,,,,,,,,,,,,,,,,,,,,,,,,,,,,,,,,,,,,,,,,,,,,,,,,,,,,,,,,,,,,,,,,,,,,,,,,,,,1414833.2945320872 
 12/16,,,,,,,,,,,,,,,,,,,,,,,,,,,,,,,,,,,,,,,,,,,,,,,,,,,,,,,,,,,,,,,,,,,,,,,,,,,,,,,9105304.794636209 
 12/17,,,,,,,,,,,,,,,,,,,,,,,,,,,,,,,,,,,,,,,,,,,,,,,,,,,,,,,,,,,,,,,,,,,,,,,,,,,,,,,9105304.794636209 
 12/18,,,,,,,,,,,,,,,,,,,,,,,,,,,,,,,,,,,,,,,,,,,,,,,,,,,,,,,,,,,,,,,,,,,,,,,,,,,,,,,9105304.794636209 
 12/19,,,,,,,,,,,,,,,,,,,,,,,,,,,,,,,,,,,,,,,,,,,,,,,,,,,,,,,,,,,,,,,,,,,,,,,,,,,,,,,9105304.794636209 
 12/20,,,,,,,,,,,,,,,,,,,,,,,,,,,,,,,,,,,,,,,,,,,,,,,,,,,,,,,,,,,,,,,,,,,,,,,,,,,,,,,9105304.794636209 
 12/21,,,,,,,,,,,,,,,,,,,,,,,,,,,,,,,,,,,,,,,,,,,,,,,,,,,,,,,,,,,,,,,,,,,,,,,,,,,,,,,1414833.2945320872 
 12/22,,,,,,,,,,,,,,,,,,,,,,,,,,,,,,,,,,,,,,,,,,,,,,,,,,,,,,,,,,,,,,,,,,,,,,,,,,,,,,,1414833.2945320872 
 12/23,,,,,,,,,,,,,,,,,,,,,,,,,,,,,,,,,,,,,,,,,,,,,,,,,,,,,,,,,,,,,,,,,,,,,,,,,,,,,,,9105304.794636209 
 12/24,,,,,,,,,,,,,,,,,,,,,,,,,,,,,,,,,,,,,,,,,,,,,,,,,,,,,,,,,,,,,,,,,,,,,,,,,,,,,,,9105304.794636209 
 12/25,,,,,,,,,,,,,,,,,,,,,,,,,,,,,,,,,,,,,,,,,,,,,,,,,,,,,,,,,,,,,,,,,,,,,,,,,,,,,,,9105304.794636209 
 12/26,,,,,,,,,,,,,,,,,,,,,,,,,,,,,,,,,,,,,,,,,,,,,,,,,,,,,,,,,,,,,,,,,,,,,,,,,,,,,,,9105304.794636209 
 12/27,,,,,,,,,,,,,,,,,,,,,,,,,,,,,,,,,,,,,,,,,,,,,,,,,,,,,,,,,,,,,,,,,,,,,,,,,,,,,,,9105304.794636209 
 12/28,,,,,,,,,,,,,,,,,,,,,,,,,,,,,,,,,,,,,,,,,,,,,,,,,,,,,,,,,,,,,,,,,,,,,,,,,,,,,,,1414833.2945320872 
 12/29,,,,,,,,,,,,,,,,,,,,,,,,,,,,,,,,,,,,,,,,,,,,,,,,,,,,,,,,,,,,,,,,,,,,,,,,,,,,,,,1414833.2945320872 
 12/30,,,,,,,,,,,,,,,,,,,,,,,,,,,,,,,,,,,,,,,,,,,,,,,,,,,,,,,,,,,,,,,,,,,,,,,,,,,,,,,9105304.794636209 
 12/31,4.059128584229388,87.3834005376344,12.939665471923531,10.875620324901776,194.07563289544746,519812175.1471663,43.85475399488775,48.603672513285765,22.085155835253925,43.85443336868969,93.48571792008948,48.83394007740212,44.65177784268742,73.72178821546204,86.1545357067406,141.12772619858325,197456437.55629358,230756308.4369339,48.60367251151537,100.58991497535791,53.42093026172208,47.16898471363576,86.05984334733057,89.52218634119669,166.39729558715914,230502684.42149013,239776223.8962613,11.1418345891976,11.14269496354315,0.04804784160013614,11.141690150883617,11.142550526828582,0.048448340447654864,11.19396720647483,5.478101374901844,-21.695904937399806,11.202617131222418,5.847698365030445,-19.86585630335383,10.643107367565232,5.70108309256513,-440.41369814640063,10.943431179173968,2.306267051903356,-198.1847521555687,9.886357200012466,4.59908621811692,0.06048387096774194,2.721774193548387,9.917416777400106,4.749740446520341,0.0674283154121864,3.034274193548387,11.917718970026252,23.701767082152514,-673.4428487056565,0.0,0.0,667.5305174317007,20.142394765941166,0.0,0.0,0.0,0.0,0.0,0.0,0.0,0.0,0.0,0.0,1787913737.8890667,0.0,667.5305174317006,0.0,1784026715.3720543,0.0,1787913737.889067,0.0,9105304.794636209 
